id,url,source_url,caption
0,https://kuleuven-datathon-2023.s3.eu-central-1.amazonaws.com/images/artist_pictures/Vincent+Van+Gogh.jpg,http://upload.wikimedia.org/wikipedia/commons/thumb/4/4c/Vincent_van_Gogh_-_Self-Portrait_-_Google_Art_Project_%28454045%29.jpg/220px-Vincent_van_Gogh_-_Self-Portrait_-_Google_Art_Project_%28454045%29.jpg,"Self-Portrait, 1887, Art Institute of Chicago"
1,https://kuleuven-datathon-2023.s3.eu-central-1.amazonaws.com/images/artist_pictures/Pierre+Auguste+Renoir.jpg,http://upload.wikimedia.org/wikipedia/commons/thumb/6/67/Pierre_Auguste_Renoir%2C_uncropped_image.jpg/270px-Pierre_Auguste_Renoir%2C_uncropped_image.jpg,
2,https://kuleuven-datathon-2023.s3.eu-central-1.amazonaws.com/images/artist_pictures/Claude+Oscar+Monet.jpg,http://upload.wikimedia.org/wikipedia/commons/thumb/a/a4/Claude_Monet_1899_Nadar_crop.jpg/220px-Claude_Monet_1899_Nadar_crop.jpg,Monet c. 1899
3,https://kuleuven-datathon-2023.s3.eu-central-1.amazonaws.com/images/artist_pictures/Fernando+Botero.jpg,http://upload.wikimedia.org/wikipedia/commons/thumb/8/8b/Fernando_Botero_2.jpg/220px-Fernando_Botero_2.jpg,Fernando Botero in December 2006
4,https://kuleuven-datathon-2023.s3.eu-central-1.amazonaws.com/images/artist_pictures/Jean-L%C3%A9on+G%C3%A9r%C3%B4me.jpg,http://upload.wikimedia.org/wikipedia/commons/thumb/5/5c/Jean-Leon_Gerome.jpg/220px-Jean-Leon_Gerome.jpg,Photograph by Nadar
6,https://kuleuven-datathon-2023.s3.eu-central-1.amazonaws.com/images/artist_pictures/Rembrandt+Van+Rijn.jpg,http://upload.wikimedia.org/wikipedia/commons/thumb/b/bd/Rembrandt_van_Rijn_-_Self-Portrait_-_Google_Art_Project.jpg/220px-Rembrandt_van_Rijn_-_Self-Portrait_-_Google_Art_Project.jpg,"Self-Portrait with Beret and Turned-Up Collar (1659), National Gallery of Art, Washington, D.C."
8,https://kuleuven-datathon-2023.s3.eu-central-1.amazonaws.com/images/artist_pictures/Gustav+Klimt.jpg,http://upload.wikimedia.org/wikipedia/commons/thumb/d/d8/Klimt.jpg/220px-Klimt.jpg,Photographic portrait from 1914
9,https://kuleuven-datathon-2023.s3.eu-central-1.amazonaws.com/images/artist_pictures/Joseph+Mallord+William+Turner.jpg,http://upload.wikimedia.org/wikipedia/commons/thumb/1/19/Joseph_Mallord_William_Turner_Self_Portrait_1799.jpg/220px-Joseph_Mallord_William_Turner_Self_Portrait_1799.jpg,"Self-Portrait, oil on canvas, c. 1799"
11,https://kuleuven-datathon-2023.s3.eu-central-1.amazonaws.com/images/artist_pictures/Michelangelo+Buonarroti.jpg,http://upload.wikimedia.org/wikipedia/commons/thumb/0/02/Michelangelo_Daniele_da_Volterra_%28dettaglio%29.jpg/220px-Michelangelo_Daniele_da_Volterra_%28dettaglio%29.jpg,"Portrait by Daniele da Volterra, c. 1545"
12,https://kuleuven-datathon-2023.s3.eu-central-1.amazonaws.com/images/artist_pictures/Francisco+De+Goya+y+Lucientes.jpg,http://upload.wikimedia.org/wikipedia/commons/thumb/b/bf/Vicente_L%C3%B3pez_Porta%C3%B1a_-_el_pintor_Francisco_de_Goya.jpg/220px-Vicente_L%C3%B3pez_Porta%C3%B1a_-_el_pintor_Francisco_de_Goya.jpg,"Portrait of Goya by Vicente López Portaña, c. 1826. Museo del Prado, Madrid"
13,https://kuleuven-datathon-2023.s3.eu-central-1.amazonaws.com/images/artist_pictures/Winslow+Homer.jpg,http://upload.wikimedia.org/wikipedia/commons/thumb/8/8a/Winslow_Homer_by_Sarony.jpeg/220px-Winslow_Homer_by_Sarony.jpeg,"Winslow Homer, 1880;photo by Napoleon Sarony (1821–1896)"
14,https://kuleuven-datathon-2023.s3.eu-central-1.amazonaws.com/images/artist_pictures/Eugene+Delacroix.jpg,http://upload.wikimedia.org/wikipedia/commons/thumb/e/e9/F%C3%A9lix_Nadar_1820-1910_portraits_Eug%C3%A8ne_Delacroix_restored.jpg/220px-F%C3%A9lix_Nadar_1820-1910_portraits_Eug%C3%A8ne_Delacroix_restored.jpg,"Eugène Delacroix, c. 1857 (photographed by Nadar)"
15,https://kuleuven-datathon-2023.s3.eu-central-1.amazonaws.com/images/artist_pictures/Henri+De+Toulouse-Lautrec.jpg,http://upload.wikimedia.org/wikipedia/commons/thumb/a/aa/Photolautrec.jpg/220px-Photolautrec.jpg,Photo taken in 1894
17,https://kuleuven-datathon-2023.s3.eu-central-1.amazonaws.com/images/artist_pictures/Camille+Pissarro.jpg,http://upload.wikimedia.org/wikipedia/commons/thumb/e/ef/Pissarro-portrait.jpg/220px-Pissarro-portrait.jpg,"Camille Pissarro, c. 1900"
18,https://kuleuven-datathon-2023.s3.eu-central-1.amazonaws.com/images/artist_pictures/Paul+Gauguin.jpg,http://upload.wikimedia.org/wikipedia/commons/thumb/5/53/Paul_Gauguin_1891.png/220px-Paul_Gauguin_1891.png,Gauguin in 1891
19,https://kuleuven-datathon-2023.s3.eu-central-1.amazonaws.com/images/artist_pictures/Edouard+Manet.jpg,http://upload.wikimedia.org/wikipedia/commons/thumb/2/20/%C3%89douard_Manet%2C_en_buste%2C_de_face_-_Nadar.jpg/220px-%C3%89douard_Manet%2C_en_buste%2C_de_face_-_Nadar.jpg,Édouard Manet before 1870
20,https://kuleuven-datathon-2023.s3.eu-central-1.amazonaws.com/images/artist_pictures/Canaletto.jpg,http://upload.wikimedia.org/wikipedia/commons/thumb/f/f6/Giovanni_Antonio_Canal.jpg/220px-Giovanni_Antonio_Canal.jpg,
21,https://kuleuven-datathon-2023.s3.eu-central-1.amazonaws.com/images/artist_pictures/John+Constable.jpg,http://upload.wikimedia.org/wikipedia/commons/thumb/4/46/John_Constable_by_Daniel_Gardner%2C_1796.JPG/220px-John_Constable_by_Daniel_Gardner%2C_1796.JPG,"John Constable by Daniel Gardner, 1796"
22,https://kuleuven-datathon-2023.s3.eu-central-1.amazonaws.com/images/artist_pictures/Tiziano+Vecellio.jpg,http://upload.wikimedia.org/wikipedia/commons/thumb/5/53/Tizian_090.jpg/220px-Tizian_090.jpg,"Self-Portrait, c. 1567; Museo del Prado, Madrid."
23,https://kuleuven-datathon-2023.s3.eu-central-1.amazonaws.com/images/artist_pictures/Edgar+Degas.jpg,http://upload.wikimedia.org/wikipedia/commons/thumb/a/a1/Edgar_Degas_self_portrait_1855.jpeg/240px-Edgar_Degas_self_portrait_1855.jpeg,"Self-portrait (Degas au porte-fusain), 1855"
24,https://kuleuven-datathon-2023.s3.eu-central-1.amazonaws.com/images/artist_pictures/Alfred+Sisley.jpg,http://upload.wikimedia.org/wikipedia/commons/thumb/b/bf/Alfred_Sisley_photo_full.jpg/220px-Alfred_Sisley_photo_full.jpg,Sisley in March 1863
26,https://kuleuven-datathon-2023.s3.eu-central-1.amazonaws.com/images/artist_pictures/Albert+Bierstadt.jpg,http://upload.wikimedia.org/wikipedia/commons/6/6b/Bierstadt.jpg,Albert Bierstadt by Napoleon Sarony
27,https://kuleuven-datathon-2023.s3.eu-central-1.amazonaws.com/images/artist_pictures/Egon+Schiele.jpg,http://upload.wikimedia.org/wikipedia/commons/thumb/b/b8/Egon_Schiele_-_Self-Portrait_with_Physalis_-_Google_Art_Project.jpg/300px-Egon_Schiele_-_Self-Portrait_with_Physalis_-_Google_Art_Project.jpg,"Self-Portrait with Physalis, 1912"
29,https://kuleuven-datathon-2023.s3.eu-central-1.amazonaws.com/images/artist_pictures/Mary+Cassatt.jpg,http://upload.wikimedia.org/wikipedia/commons/thumb/1/18/Mary_Cassatt_photograph_1913.jpg/225px-Mary_Cassatt_photograph_1913.jpg,"Cassatt seated in a chair with an umbrella, 1913. Verso reads ""The only photograph for which she ever posed."""
30,https://kuleuven-datathon-2023.s3.eu-central-1.amazonaws.com/images/artist_pictures/Giotto+Di+Bondone.jpg,http://upload.wikimedia.org/wikipedia/commons/thumb/4/43/Giotto_-_Tableau_repr%C3%A9sentant_cinq_ma%C3%AEtres_de_la_Renaissance_florentine_%28d%C3%A9but_XVIe_si%C3%A8cle_%3F%29.JPG/180px-Giotto_-_Tableau_repr%C3%A9sentant_cinq_ma%C3%AEtres_de_la_Renaissance_florentine_%28d%C3%A9but_XVIe_si%C3%A8cle_%3F%29.JPG,"Posthumous portrait of Giotto di Bondone, made between 1490 and 1550"
31,https://kuleuven-datathon-2023.s3.eu-central-1.amazonaws.com/images/artist_pictures/Berthe+Morisot.jpg,http://upload.wikimedia.org/wikipedia/commons/thumb/9/91/Morisot_berthe_photo.jpg/220px-Morisot_berthe_photo.jpg,Berthe Morisot
32,https://kuleuven-datathon-2023.s3.eu-central-1.amazonaws.com/images/artist_pictures/Odilon+Redon.jpg,http://upload.wikimedia.org/wikipedia/commons/thumb/6/69/Odilon_Redon.jpg/220px-Odilon_Redon.jpg,"Self-Portrait, 1880, Musée d'Orsay"
33,https://kuleuven-datathon-2023.s3.eu-central-1.amazonaws.com/images/artist_pictures/Martin+Johnson+Heade.jpg,http://upload.wikimedia.org/wikipedia/commons/thumb/4/46/Martin-johnson-heade.jpg/220px-Martin-johnson-heade.jpg,
34,https://kuleuven-datathon-2023.s3.eu-central-1.amazonaws.com/images/artist_pictures/Jean-Baptiste-Camille+Corot.jpg,http://upload.wikimedia.org/wikipedia/commons/thumb/e/e4/Jean-Baptiste-Camille_Corot_c1850.png/250px-Jean-Baptiste-Camille_Corot_c1850.png,Portrait of Corot circa 1850
35,https://kuleuven-datathon-2023.s3.eu-central-1.amazonaws.com/images/artist_pictures/Thomas+Moran.jpg,http://upload.wikimedia.org/wikipedia/commons/thumb/2/27/Portrait_of_Thomas_Moran_by_Napoleon_Sarony.jpg/240px-Portrait_of_Thomas_Moran_by_Napoleon_Sarony.jpg,Thomas Moran by Napoleon Sarony
36,https://kuleuven-datathon-2023.s3.eu-central-1.amazonaws.com/images/artist_pictures/Frederic+Edwin+Church.jpg,http://upload.wikimedia.org/wikipedia/commons/thumb/a/a4/Photograph_of_Frederick_Edwin_Church_by_Napoleon_Sarony.jpg/220px-Photograph_of_Frederick_Edwin_Church_by_Napoleon_Sarony.jpg,c. 1868 photograph by Napoleon Sarony
37,https://kuleuven-datathon-2023.s3.eu-central-1.amazonaws.com/images/artist_pictures/Gustave+Caillebotte.jpg,http://upload.wikimedia.org/wikipedia/commons/thumb/5/53/Gustave_Caillebotte_photo_c1878.jpg/220px-Gustave_Caillebotte_photo_c1878.jpg,"Gustave Caillebotte, about age 30, c. 1878"
39,https://kuleuven-datathon-2023.s3.eu-central-1.amazonaws.com/images/artist_pictures/George+Inness.jpg,http://upload.wikimedia.org/wikipedia/commons/thumb/5/5f/George_Inness.jpg/220px-George_Inness.jpg,"George Inness, 1890"
40,https://kuleuven-datathon-2023.s3.eu-central-1.amazonaws.com/images/artist_pictures/Joaquin+Sorolla+y+Bastida.jpg,http://upload.wikimedia.org/wikipedia/commons/thumb/e/e8/Joaquin_Sorolla_by_Gertrude_K%C3%A4sebier%2C_1908.jpg/220px-Joaquin_Sorolla_by_Gertrude_K%C3%A4sebier%2C_1908.jpg,"Platinum print of Sorolla by Gertrude Käsebier, c. 1908"
41,https://kuleuven-datathon-2023.s3.eu-central-1.amazonaws.com/images/artist_pictures/Sandro+Botticelli.jpg,http://upload.wikimedia.org/wikipedia/commons/thumb/d/d4/Sandro_Botticelli_083.jpg/220px-Sandro_Botticelli_083.jpg,"Probable self-portrait of Botticelli, in his Adoration of the Magi (1475)."
42,https://kuleuven-datathon-2023.s3.eu-central-1.amazonaws.com/images/artist_pictures/Giovanni+Bellini.jpg,http://upload.wikimedia.org/wikipedia/commons/thumb/1/11/Giovanni_Bellini_Felt%C3%A9telezett%C3%96narck%C3%A9peKJ.jpg/250px-Giovanni_Bellini_Felt%C3%A9telezett%C3%96narck%C3%A9peKJ.jpg,Self-portrait by Giovanni Belliniin the Musei Capitolini (Rome)
43,https://kuleuven-datathon-2023.s3.eu-central-1.amazonaws.com/images/artist_pictures/Annibale+Carracci.jpg,http://upload.wikimedia.org/wikipedia/commons/thumb/d/d3/Annibale_Carracci%2C_Autoritratto_.jpg/220px-Annibale_Carracci%2C_Autoritratto_.jpg,"Self-portrait, c. 1580"
44,https://kuleuven-datathon-2023.s3.eu-central-1.amazonaws.com/images/artist_pictures/Gustave+Courbet.jpg,http://upload.wikimedia.org/wikipedia/commons/thumb/7/7b/Gustave_Courbet%2C_photograph_Atelier_Nadar%2C_c._1860s.jpg/220px-Gustave_Courbet%2C_photograph_Atelier_Nadar%2C_c._1860s.jpg,"Gustave Courbet, c. 1860s(portrait photograph by Nadar)"
45,https://kuleuven-datathon-2023.s3.eu-central-1.amazonaws.com/images/artist_pictures/Caravaggio.jpg,http://upload.wikimedia.org/wikipedia/commons/thumb/7/73/Bild-Ottavio_Leoni%2C_Caravaggio.jpg/220px-Bild-Ottavio_Leoni%2C_Caravaggio.jpg,"Chalk portrait of Caravaggio by Ottavio Leoni, c. 1621."
46,"https://kuleuven-datathon-2023.s3.eu-central-1.amazonaws.com/images/artist_pictures/Bartlett,+William+Henry.jpg",http://upload.wikimedia.org/wikipedia/commons/thumb/4/4f/W_H_Bartlett_selfportrait_cover_1836.jpg/220px-W_H_Bartlett_selfportrait_cover_1836.jpg,"Self-portrait of W H Bartlett, from the cover of his book Working A Canoe Up A Rapid."
47,https://kuleuven-datathon-2023.s3.eu-central-1.amazonaws.com/images/artist_pictures/Eug%C3%A8ne+Boudin.jpg,http://upload.wikimedia.org/wikipedia/commons/6/61/Boudin.jpeg,"Eugène Boudin, c. 1890s"
48,https://kuleuven-datathon-2023.s3.eu-central-1.amazonaws.com/images/artist_pictures/Arthur+Rackham.jpg,http://upload.wikimedia.org/wikipedia/commons/thumb/8/88/Arthur_rackham_selfportrait.jpg/220px-Arthur_rackham_selfportrait.jpg,"Self-portrait, 1934"
50,https://kuleuven-datathon-2023.s3.eu-central-1.amazonaws.com/images/artist_pictures/Frederic+Remington.jpg,http://upload.wikimedia.org/wikipedia/commons/b/bb/Frederic_Remington.jpg,
51,https://kuleuven-datathon-2023.s3.eu-central-1.amazonaws.com/images/artist_pictures/Theodore+Gericault.jpg,http://upload.wikimedia.org/wikipedia/commons/thumb/9/9b/Horace_Vernet%2C_Jean-Louis-Andr%C3%A9-Th%C3%A9odore_Gericault%2C_probably_1822_or_1823%2C_1998.84%2C_MET.jpg/200px-Horace_Vernet%2C_Jean-Louis-Andr%C3%A9-Th%C3%A9odore_Gericault%2C_probably_1822_or_1823%2C_1998.84%2C_MET.jpg,"Théodore Géricault by Horace Vernet, circa 1822–1823"
52,https://kuleuven-datathon-2023.s3.eu-central-1.amazonaws.com/images/artist_pictures/William+Merritt+Chase.jpg,http://upload.wikimedia.org/wikipedia/commons/thumb/a/a7/William_Merritt_Chase.jpg/220px-William_Merritt_Chase.jpg,William Merritt Chase in 1900
53,https://kuleuven-datathon-2023.s3.eu-central-1.amazonaws.com/images/artist_pictures/John+Frederick+Herring+Snr.jpg,http://upload.wikimedia.org/wikipedia/commons/thumb/9/9f/J_F_Herring.jpg/220px-J_F_Herring.jpg,
55,https://kuleuven-datathon-2023.s3.eu-central-1.amazonaws.com/images/artist_pictures/Pieter+the+Elder+Bruegel.jpg,http://upload.wikimedia.org/wikipedia/commons/thumb/2/28/Pieter_Bruegel_the_Elder_-_The_Painter_and_the_Buyer%2C_ca._1566_-_Google_Art_Project.jpg/220px-Pieter_Bruegel_the_Elder_-_The_Painter_and_the_Buyer%2C_ca._1566_-_Google_Art_Project.jpg,"The Painter and The Connoisseur, c. 1565, possibly Bruegel's self-portrait[1]"
56,https://kuleuven-datathon-2023.s3.eu-central-1.amazonaws.com/images/artist_pictures/Jean-Baptiste-Simeon+Chardin.jpg,http://upload.wikimedia.org/wikipedia/commons/thumb/7/7c/Chardin_pastel_selfportrait.jpg/220px-Chardin_pastel_selfportrait.jpg,"Self-portrait, 1771, pastel, Louvre"
57,https://kuleuven-datathon-2023.s3.eu-central-1.amazonaws.com/images/artist_pictures/Jean-Honore+Fragonard.jpg,http://upload.wikimedia.org/wikipedia/commons/thumb/9/9e/Jean-Honor%C3%A9_Fragonard_-_Self-portrait_with_smiling_face.jpg/220px-Jean-Honor%C3%A9_Fragonard_-_Self-portrait_with_smiling_face.jpg,"Self-Portrait, 1780s, black chalk with gray wash, Louvre, Paris"
58,https://kuleuven-datathon-2023.s3.eu-central-1.amazonaws.com/images/artist_pictures/Ivan+Konstantinovich+Aivazovsky.jpg,http://upload.wikimedia.org/wikipedia/commons/thumb/c/c6/Aivazovsky_-_Self-portrait_1874.jpg/220px-Aivazovsky_-_Self-portrait_1874.jpg,"Self-portrait, 1874, oil on canvas, 70.5 × 62.5 cm, Uffizi, Florence[1]"
59,https://kuleuven-datathon-2023.s3.eu-central-1.amazonaws.com/images/artist_pictures/Childe+Hassam.jpg,http://upload.wikimedia.org/wikipedia/commons/thumb/e/ef/Childe_Hassam.jpg/220px-Childe_Hassam.jpg,
60,https://kuleuven-datathon-2023.s3.eu-central-1.amazonaws.com/images/artist_pictures/Lord+Frederick+Leighton.jpg,http://upload.wikimedia.org/wikipedia/commons/thumb/f/f3/1880_Frederic_Leighton_-_Self_portrait.jpg/220px-1880_Frederic_Leighton_-_Self_portrait.jpg,"Frederic Leighton, Self-portrait, 1880"
61,https://kuleuven-datathon-2023.s3.eu-central-1.amazonaws.com/images/artist_pictures/George+Wesley+Bellows.jpg,http://upload.wikimedia.org/wikipedia/commons/thumb/3/39/George_bellows.jpg/200px-George_bellows.jpg,
63,https://kuleuven-datathon-2023.s3.eu-central-1.amazonaws.com/images/artist_pictures/Thomas+Gainsborough.jpg,http://upload.wikimedia.org/wikipedia/commons/thumb/3/3f/Thomas_Gainsborough_by_Thomas_Gainsborough.jpg/220px-Thomas_Gainsborough_by_Thomas_Gainsborough.jpg,Self-portrait (1759)
64,https://kuleuven-datathon-2023.s3.eu-central-1.amazonaws.com/images/artist_pictures/Caspar+David+Friedrich.jpg,http://upload.wikimedia.org/wikipedia/commons/thumb/a/ac/Gerhard_von_K%C3%BCgelgen_portrait_of_Friedrich.jpg/220px-Gerhard_von_K%C3%BCgelgen_portrait_of_Friedrich.jpg,"Gerhard von Kügelgen, Caspar David Friedrich,  c. 1808, Hamburger Kunsthalle"
65,https://kuleuven-datathon-2023.s3.eu-central-1.amazonaws.com/images/artist_pictures/James+Jacques+Joseph+Tissot.jpg,http://upload.wikimedia.org/wikipedia/commons/thumb/b/ba/James_Tissot_Self_Portrait_%281865%29.jpg/220px-James_Tissot_Self_Portrait_%281865%29.jpg,"Self-Portrait (1865), oil on canvas, Fine Arts Museums of San Francisco."
66,https://kuleuven-datathon-2023.s3.eu-central-1.amazonaws.com/images/artist_pictures/Jean-Francois+Millet.jpg,http://upload.wikimedia.org/wikipedia/commons/thumb/4/46/Jean-Fran%C3%A7ois_Millet_by_Nadar%2C_Metropolitan_Museum_copy.jpg/220px-Jean-Fran%C3%A7ois_Millet_by_Nadar%2C_Metropolitan_Museum_copy.jpg,"Portrait by Nadar, c. 1856-58"
67,https://kuleuven-datathon-2023.s3.eu-central-1.amazonaws.com/images/artist_pictures/Jacopo+Tintoretto.jpg,http://upload.wikimedia.org/wikipedia/commons/thumb/7/73/Tintoretto-selfport.jpg/220px-Tintoretto-selfport.jpg,"Self-portrait, c. 1588; Louvre, Paris"
68,https://kuleuven-datathon-2023.s3.eu-central-1.amazonaws.com/images/artist_pictures/George+Stubbs.jpg,http://upload.wikimedia.org/wikipedia/commons/thumb/a/a8/George_Stubbs_-_self_portrait.jpg/220px-George_Stubbs_-_self_portrait.jpg,A self-portrait by George Stubbs
69,https://kuleuven-datathon-2023.s3.eu-central-1.amazonaws.com/images/artist_pictures/Edouard+++Vuillard.jpg,http://upload.wikimedia.org/wikipedia/commons/thumb/7/74/Self-Portrait%2C_Aged_21_A21192.jpg/220px-Self-Portrait%2C_Aged_21_A21192.jpg,"Self-portrait, 1889, oil on canvas"
70,https://kuleuven-datathon-2023.s3.eu-central-1.amazonaws.com/images/artist_pictures/Jean-Antoine+Watteau.jpg,http://upload.wikimedia.org/wikipedia/commons/thumb/0/0b/Rosalba_Carriera_Portrait_Antoine_Watteau.jpg/220px-Rosalba_Carriera_Portrait_Antoine_Watteau.jpg,"Rosalba Carriera, Portrait of Antoine Watteau, c. 1721, showing the artist in the last year of his life. Musei Civici [it], Treviso"
71,https://kuleuven-datathon-2023.s3.eu-central-1.amazonaws.com/images/artist_pictures/Paul+Signac.jpg,http://upload.wikimedia.org/wikipedia/commons/thumb/5/50/Paul_Signac%2C_ca._1883.jpg/220px-Paul_Signac%2C_ca._1883.jpg,"Paul Signac with his palette, c. 1883"
72,https://kuleuven-datathon-2023.s3.eu-central-1.amazonaws.com/images/artist_pictures/William+Hogarth.jpg,http://upload.wikimedia.org/wikipedia/commons/thumb/5/5a/The_Painter_and_His_Pug_by_William_Hogarth.jpg/220px-The_Painter_and_His_Pug_by_William_Hogarth.jpg,"William Hogarth, The Painter and his Pug, 1745. Self-portrait with his pug, Trump, in Tate Britain, London."
73,https://kuleuven-datathon-2023.s3.eu-central-1.amazonaws.com/images/artist_pictures/Armand+Guillaumin.jpg,http://upload.wikimedia.org/wikipedia/en/thumb/e/e6/Armand_Guillaumin_-_photo.jpg/220px-Armand_Guillaumin_-_photo.jpg,
75,https://kuleuven-datathon-2023.s3.eu-central-1.amazonaws.com/images/artist_pictures/Nicolas+Poussin.jpg,http://upload.wikimedia.org/wikipedia/commons/thumb/d/d9/Nicolas_Poussin_078.jpg/220px-Nicolas_Poussin_078.jpg,"Self-portrait by Nicolas Poussin, 1650"
79,https://kuleuven-datathon-2023.s3.eu-central-1.amazonaws.com/images/artist_pictures/Charles+Robert+Leslie.jpg,http://upload.wikimedia.org/wikipedia/commons/thumb/d/d1/Charles_Robert_Leslie_by_Charles_Robert_Leslie.jpg/220px-Charles_Robert_Leslie_by_Charles_Robert_Leslie.jpg,"Self-portrait (1814; National Portrait Gallery, London)"
80,https://kuleuven-datathon-2023.s3.eu-central-1.amazonaws.com/images/artist_pictures/Jan+Vermeer+Van+Delft.jpg,http://upload.wikimedia.org/wikipedia/commons/thumb/4/46/Cropped_version_of_Jan_Vermeer_van_Delft_002.jpg/200px-Cropped_version_of_Jan_Vermeer_van_Delft_002.jpg,"Detail of the painting The Procuress (c. 1656), believed to be a self portrait by Vermeer[1]"
81,https://kuleuven-datathon-2023.s3.eu-central-1.amazonaws.com/images/artist_pictures/(after)+Hieronymus+Bosch.jpg,http://upload.wikimedia.org/wikipedia/commons/thumb/c/c7/Portrait_de_J%C3%A9r%C3%B4me_Bosch_%28anonyme%2C_1585%29.jpg/220px-Portrait_de_J%C3%A9r%C3%B4me_Bosch_%28anonyme%2C_1585%29.jpg,"Posthumous portrait of Hieronymus Bosch, c. 1585(attr. Anonymous)"
82,https://kuleuven-datathon-2023.s3.eu-central-1.amazonaws.com/images/artist_pictures/Joan+Eardley.jpg,http://upload.wikimedia.org/wikipedia/en/thumb/1/1f/Joan_Eardley_-_Self-portrait.jpg/220px-Joan_Eardley_-_Self-portrait.jpg,"Self-portrait, 1943"
83,https://kuleuven-datathon-2023.s3.eu-central-1.amazonaws.com/images/artist_pictures/(after)+Pietro+Antonio+Rotari.jpg,http://upload.wikimedia.org/wikipedia/commons/thumb/5/5f/AntonioBalestraSelf-portrait.jpg/150px-AntonioBalestraSelf-portrait.jpg,Self-portrait
87,https://kuleuven-datathon-2023.s3.eu-central-1.amazonaws.com/images/artist_pictures/Frederick+Judd+Waugh.jpg,http://upload.wikimedia.org/wikipedia/commons/thumb/8/88/Frederick_Judd_Waugh.jpg/220px-Frederick_Judd_Waugh.jpg,
91,https://kuleuven-datathon-2023.s3.eu-central-1.amazonaws.com/images/artist_pictures/Sir+Joseph+Noel+Paton.jpg,http://upload.wikimedia.org/wikipedia/commons/thumb/7/77/Paton%2C_Joseph_Noel_by_Thomas_Annan_-_photograph_-_1866.jpg/220px-Paton%2C_Joseph_Noel_by_Thomas_Annan_-_photograph_-_1866.jpg,Paton in 1866
92,https://kuleuven-datathon-2023.s3.eu-central-1.amazonaws.com/images/artist_pictures/Raja+Ravi+Varma.jpg,http://upload.wikimedia.org/wikipedia/commons/thumb/6/6d/Ravivarma1b.jpg/220px-Ravivarma1b.jpg,Raja Ravi Varma in 1890s
93,https://kuleuven-datathon-2023.s3.eu-central-1.amazonaws.com/images/artist_pictures/William-Adolphe+Bouguereau.jpg,http://upload.wikimedia.org/wikipedia/commons/thumb/d/dd/Self_portrait%2C_by_William_Bouguereau.jpg/220px-Self_portrait%2C_by_William_Bouguereau.jpg,Self-portrait (1879)
94,https://kuleuven-datathon-2023.s3.eu-central-1.amazonaws.com/images/artist_pictures/(after)+William+Etty.jpg,http://upload.wikimedia.org/wikipedia/commons/thumb/f/fd/William_Etty_self-portrait.jpg/220px-William_Etty_self-portrait.jpg,"William Etty, self-portrait based on an October 1844 photograph by Hill & Adamson"
96,https://kuleuven-datathon-2023.s3.eu-central-1.amazonaws.com/images/artist_pictures/Carl+Larsson.jpg,http://upload.wikimedia.org/wikipedia/commons/thumb/f/f8/Larsson_-_Self_Portrait.jpg/204px-Larsson_-_Self_Portrait.jpg,Self-portrait (1895)
97,https://kuleuven-datathon-2023.s3.eu-central-1.amazonaws.com/images/artist_pictures/Sir+Henry+Raeburn.jpg,http://upload.wikimedia.org/wikipedia/commons/thumb/4/42/Sir_Henry_Raeburn_%28self-portrait%29.jpg/220px-Sir_Henry_Raeburn_%28self-portrait%29.jpg,"Raeburn in a self-portrait, c. 1820"
99,https://kuleuven-datathon-2023.s3.eu-central-1.amazonaws.com/images/artist_pictures/Robert+Frederick+Blum.jpg,http://upload.wikimedia.org/wikipedia/commons/thumb/3/37/Etching_of_Robert_Frederick_Blum.jpg/220px-Etching_of_Robert_Frederick_Blum.jpg,Self-Portrait of Robert Frederick Blum
102,https://kuleuven-datathon-2023.s3.eu-central-1.amazonaws.com/images/artist_pictures/Ernst+Ludwig+Kirchner.jpg,http://upload.wikimedia.org/wikipedia/commons/thumb/1/1b/Kirchner_1919_portrait.jpg/215px-Kirchner_1919_portrait.jpg,Photographic self-portrait 1919
107,https://kuleuven-datathon-2023.s3.eu-central-1.amazonaws.com/images/artist_pictures/(after)+Philippe+De+Champaigne.jpg,http://upload.wikimedia.org/wikipedia/commons/thumb/1/11/Philippe_de_Champaigne.jpg/220px-Philippe_de_Champaigne.jpg,"Philippe de Champaigne, self-portrait.  Museum of Grenoble"
108,https://kuleuven-datathon-2023.s3.eu-central-1.amazonaws.com/images/artist_pictures/John+William+Godward.jpg,http://upload.wikimedia.org/wikipedia/commons/thumb/1/1b/Godward_portrait.jpg/220px-Godward_portrait.jpg,"Possible self portrait, detail from Waiting for an Answer (1889)"
112,"https://kuleuven-datathon-2023.s3.eu-central-1.amazonaws.com/images/artist_pictures/(after)+Dyck,+Sir+Anthony+van.jpg",http://upload.wikimedia.org/wikipedia/commons/thumb/1/13/Anthonyvandyckselfportrait.jpeg/220px-Anthonyvandyckselfportrait.jpeg,Self-Portrait with a Sunflower (after 1633)
117,https://kuleuven-datathon-2023.s3.eu-central-1.amazonaws.com/images/artist_pictures/Peter+Monamy.jpg,http://upload.wikimedia.org/wikipedia/commons/thumb/5/5c/Peter_Monamy.jpg/220px-Peter_Monamy.jpg,"Peter Monamy, by Thomas Stubley, c 1730"
119,https://kuleuven-datathon-2023.s3.eu-central-1.amazonaws.com/images/artist_pictures/Charles-Francois+Daubigny.jpg,http://upload.wikimedia.org/wikipedia/commons/thumb/9/95/Charles_francois_daubigny.jpg/220px-Charles_francois_daubigny.jpg,Photograph by Nadar
124,https://kuleuven-datathon-2023.s3.eu-central-1.amazonaws.com/images/artist_pictures/John+Tenniel.jpg,http://upload.wikimedia.org/wikipedia/commons/thumb/e/e8/John_Tenniel.png/220px-John_Tenniel.png,"Self-portrait of John Tenniel, c. 1889"
126,https://kuleuven-datathon-2023.s3.eu-central-1.amazonaws.com/images/artist_pictures/Albert+Edelfelt.jpg,http://upload.wikimedia.org/wikipedia/commons/thumb/0/02/Daniel_Nyblin_-_Portrait_photograph_of_Albert_Edelfelt_%28postcard_version%29.jpg/220px-Daniel_Nyblin_-_Portrait_photograph_of_Albert_Edelfelt_%28postcard_version%29.jpg,Albert Edelfelt in 1905
128,https://kuleuven-datathon-2023.s3.eu-central-1.amazonaws.com/images/artist_pictures/Tivadar+Kosztka+Csontv%C3%A1ry.jpg,http://upload.wikimedia.org/wikipedia/commons/thumb/2/28/Csontv%C3%A1ry_%C3%96narck%C3%A9p.jpg/220px-Csontv%C3%A1ry_%C3%96narck%C3%A9p.jpg,Self-portrait (around 1900)
130,https://kuleuven-datathon-2023.s3.eu-central-1.amazonaws.com/images/artist_pictures/Grant+Wood.jpg,http://upload.wikimedia.org/wikipedia/commons/thumb/0/02/Grant_Wood.jpg/220px-Grant_Wood.jpg,"Self-portrait, 1932"
133,https://kuleuven-datathon-2023.s3.eu-central-1.amazonaws.com/images/artist_pictures/Federico+de+Madrazo+y+Kuntz.jpg,http://upload.wikimedia.org/wikipedia/commons/thumb/f/fd/Raimundo_de_Madrazo_-_Portrait_of_Federico_de_Madrazo_Painting_-_Google_Art_Project.jpg/220px-Raimundo_de_Madrazo_-_Portrait_of_Federico_de_Madrazo_Painting_-_Google_Art_Project.jpg,"Portrait by his son, Raimundo de Madrazo (1875)"
135,https://kuleuven-datathon-2023.s3.eu-central-1.amazonaws.com/images/artist_pictures/Ulpiano+Checa+y+Sanz.jpg,http://upload.wikimedia.org/wikipedia/commons/thumb/3/35/Ulpiano_Checa_%281889%29_fotograf%C3%ADa.png/220px-Ulpiano_Checa_%281889%29_fotograf%C3%ADa.png,
138,https://kuleuven-datathon-2023.s3.eu-central-1.amazonaws.com/images/artist_pictures/Walter+Withers.jpg,http://upload.wikimedia.org/wikipedia/commons/d/df/Withers_photograph.jpg,"Walter Withers, 1906"
139,https://kuleuven-datathon-2023.s3.eu-central-1.amazonaws.com/images/artist_pictures/Tamara+de+Lempicka.jpg,http://upload.wikimedia.org/wikipedia/commons/thumb/9/9a/L2890841_rze%C5%BAbiarz_S%C5%82awomir_Micek_popiersie_malarka_Tamara_%C5%81empicka.jpg/220px-L2890841_rze%C5%BAbiarz_S%C5%82awomir_Micek_popiersie_malarka_Tamara_%C5%81empicka.jpg,"Tamara de Lempicka's bust in Kielce, Poland"
140,https://kuleuven-datathon-2023.s3.eu-central-1.amazonaws.com/images/artist_pictures/Sir+Joshua+Reynolds.jpg,http://upload.wikimedia.org/wikipedia/commons/thumb/9/9c/Sir_Joshua_Reynolds_-_Self-Portrait_-_Google_Art_Project_%282315517%29.jpg/220px-Sir_Joshua_Reynolds_-_Self-Portrait_-_Google_Art_Project_%282315517%29.jpg,"Self-portrait, c. 1750"
141,https://kuleuven-datathon-2023.s3.eu-central-1.amazonaws.com/images/artist_pictures/Girolamo+Francesco+Maria+Mazzola+(Parmigianino).jpg,http://upload.wikimedia.org/wikipedia/commons/thumb/a/ab/Parmigianino_Selfportrait.jpg/230px-Parmigianino_Selfportrait.jpg,"Self-portrait in a Convex Mirror (c. 1524, age about 21),[1] Kunsthistorisches Museum, Vienna"
146,https://kuleuven-datathon-2023.s3.eu-central-1.amazonaws.com/images/artist_pictures/Alphonse+Maria+Mucha.jpg,http://upload.wikimedia.org/wikipedia/commons/thumb/a/a4/Alfons_Mucha_in_Studio_%28c._1899%29.jpg/220px-Alfons_Mucha_in_Studio_%28c._1899%29.jpg,Mucha in his studio (c. 1899)
147,https://kuleuven-datathon-2023.s3.eu-central-1.amazonaws.com/images/artist_pictures/Henriette+Ronner-Knip.jpg,http://upload.wikimedia.org/wikipedia/commons/thumb/c/c7/Portrait_of_Henri%C3%ABtte_Ronner-Knip.jpg/220px-Portrait_of_Henri%C3%ABtte_Ronner-Knip.jpg,"Henriëtte Ronner-Knip, c. 1895"
148,https://kuleuven-datathon-2023.s3.eu-central-1.amazonaws.com/images/artist_pictures/Marsden+Hartley.jpg,http://upload.wikimedia.org/wikipedia/commons/thumb/2/21/Portrait_of_Marsden_Hartley.jpg/220px-Portrait_of_Marsden_Hartley.jpg,Hartley in 1939
149,https://kuleuven-datathon-2023.s3.eu-central-1.amazonaws.com/images/artist_pictures/Anton+Raphael+Mengs.jpg,http://upload.wikimedia.org/wikipedia/commons/thumb/7/77/Mengs%2C_Selbstbildnis.jpg/220px-Mengs%2C_Selbstbildnis.jpg,"Self-Portrait, c. 1775, Uffizi, Florence"
151,https://kuleuven-datathon-2023.s3.eu-central-1.amazonaws.com/images/artist_pictures/Guido+Reni.jpg,http://upload.wikimedia.org/wikipedia/commons/thumb/3/3c/Guido_Reni_-_Self-portrait_2.jpg/220px-Guido_Reni_-_Self-portrait_2.jpg,"Self portrait, c. 1602"
153,https://kuleuven-datathon-2023.s3.eu-central-1.amazonaws.com/images/artist_pictures/Cassius+Marcellus+Coolidge.jpg,http://upload.wikimedia.org/wikipedia/commons/thumb/e/e8/Cassius_Coolidge.jpg/220px-Cassius_Coolidge.jpg,
154,https://kuleuven-datathon-2023.s3.eu-central-1.amazonaws.com/images/artist_pictures/Sir+Lawrence+Alma-Tadema.jpg,http://upload.wikimedia.org/wikipedia/commons/thumb/e/e4/Lawrence_Alma-Tadema_1870_%282%29.jpg/220px-Lawrence_Alma-Tadema_1870_%282%29.jpg,Alma-Tadema in 1870
155,https://kuleuven-datathon-2023.s3.eu-central-1.amazonaws.com/images/artist_pictures/Bartolome+Esteban+Murillo.jpg,http://upload.wikimedia.org/wikipedia/commons/thumb/b/b5/Autorretrato_de_Murillo.jpg/220px-Autorretrato_de_Murillo.jpg,"Self-portrait, c. 1670–1673 (detail), National Gallery, London"
156,https://kuleuven-datathon-2023.s3.eu-central-1.amazonaws.com/images/artist_pictures/Leonardo+Da+Vinci.jpg,http://upload.wikimedia.org/wikipedia/commons/thumb/c/cb/Francesco_Melzi_-_Portrait_of_Leonardo.png/220px-Francesco_Melzi_-_Portrait_of_Leonardo.png,"This portrait attributed to Francesco Melzi, c. 1515–1518, is the only certain contemporary depiction of Leonardo.[1][2]"
157,https://kuleuven-datathon-2023.s3.eu-central-1.amazonaws.com/images/artist_pictures/Paolo+Veronese+(Caliari).jpg,http://upload.wikimedia.org/wikipedia/commons/thumb/c/c8/Paolo_Veronese%2C_avtoportret.jpg/200px-Paolo_Veronese%2C_avtoportret.jpg,"Self-portrait, 1558-1563, Hermitage Museum"
159,https://kuleuven-datathon-2023.s3.eu-central-1.amazonaws.com/images/artist_pictures/Giuseppe+Pellizza+da+Volpedo.jpg,http://upload.wikimedia.org/wikipedia/commons/thumb/4/41/Giuseppe_Pellizza.jpg/175px-Giuseppe_Pellizza.jpg,
165,https://kuleuven-datathon-2023.s3.eu-central-1.amazonaws.com/images/artist_pictures/Lorenzo+Lippi.jpg,http://upload.wikimedia.org/wikipedia/commons/thumb/e/e4/Portrait_of_Lorenzo_Lippi_by_Francesco_Zuccarelli.gif/220px-Portrait_of_Lorenzo_Lippi_by_Francesco_Zuccarelli.gif,
166,https://kuleuven-datathon-2023.s3.eu-central-1.amazonaws.com/images/artist_pictures/Frida+Kahlo.jpg,http://upload.wikimedia.org/wikipedia/commons/thumb/0/06/Frida_Kahlo%2C_by_Guillermo_Kahlo.jpg/220px-Frida_Kahlo%2C_by_Guillermo_Kahlo.jpg,Kahlo in 1932
175,https://kuleuven-datathon-2023.s3.eu-central-1.amazonaws.com/images/artist_pictures/Auguste+Rodin.jpg,http://upload.wikimedia.org/wikipedia/commons/thumb/9/94/Auguste_Rodin_by_George_Charles_Beresford_%28NPG_x6573%29.jpg/220px-Auguste_Rodin_by_George_Charles_Beresford_%28NPG_x6573%29.jpg,"Photograph by Beresford, 1902"
178,https://kuleuven-datathon-2023.s3.eu-central-1.amazonaws.com/images/artist_pictures/Camille+Nicolas+Lambert.jpg,http://upload.wikimedia.org/wikipedia/commons/thumb/8/81/Christopher_Lambert_2013.jpg/220px-Christopher_Lambert_2013.jpg,Lambert in June 2013
180,https://kuleuven-datathon-2023.s3.eu-central-1.amazonaws.com/images/artist_pictures/Correggio+(Antonio+Allegri).jpg,http://upload.wikimedia.org/wikipedia/commons/thumb/f/fc/Antonio_Allegri_da_Correggio.jpg/220px-Antonio_Allegri_da_Correggio.jpg,Antonio Allegri da Correggio
181,https://kuleuven-datathon-2023.s3.eu-central-1.amazonaws.com/images/artist_pictures/Franz+Xavier+Winterhalter.jpg,http://upload.wikimedia.org/wikipedia/commons/thumb/2/2b/Franz_Xaver_Winterhalter_BNF_Gallica.jpg/200px-Franz_Xaver_Winterhalter_BNF_Gallica.jpg,"Franz Xaver Winterhalter, 1865"
187,https://kuleuven-datathon-2023.s3.eu-central-1.amazonaws.com/images/artist_pictures/Heywood+Hardy.jpg,http://upload.wikimedia.org/wikipedia/commons/thumb/f/fa/Heywood_Hardy_by_Frank_Holl_RA%2C_1884.jpg/220px-Heywood_Hardy_by_Frank_Holl_RA%2C_1884.jpg,"Portrait by Frank Holl RA, 1884"
188,https://kuleuven-datathon-2023.s3.eu-central-1.amazonaws.com/images/artist_pictures/Jean-Baptiste+Olive.jpg,http://upload.wikimedia.org/wikipedia/commons/thumb/e/e4/Longchamp126_Bernard_J.B.Olive.jpg/220px-Longchamp126_Bernard_J.B.Olive.jpg,"Valère Bernard, Jean-Baptiste Olive in his Studio, Musée des beaux-arts de Marseille"
191,"https://kuleuven-datathon-2023.s3.eu-central-1.amazonaws.com/images/artist_pictures/(after)+Millais,+Sir+John+Everett.jpg",http://upload.wikimedia.org/wikipedia/commons/thumb/1/14/Millais_-_Self-Portrait.jpg/220px-Millais_-_Self-Portrait.jpg,"Self-portrait by Millais, 1881."
192,https://kuleuven-datathon-2023.s3.eu-central-1.amazonaws.com/images/artist_pictures/Jean+Baptiste+Greuze.jpg,http://upload.wikimedia.org/wikipedia/commons/thumb/b/bc/Jean-Baptiste_Greuze_-_Self-Portrait.jpg/250px-Jean-Baptiste_Greuze_-_Self-Portrait.jpg,"Self-portrait (c. 1769, Louvre, Paris)"
195,https://kuleuven-datathon-2023.s3.eu-central-1.amazonaws.com/images/artist_pictures/Evelyn+Pickering+De+Morgan.jpg,http://upload.wikimedia.org/wikipedia/commons/thumb/2/26/Evelyndemorgan.jpg/220px-Evelyndemorgan.jpg,Evelyn De Morgan
199,https://kuleuven-datathon-2023.s3.eu-central-1.amazonaws.com/images/artist_pictures/Philippe+Rousseau.jpg,http://upload.wikimedia.org/wikipedia/commons/thumb/6/60/Still_Life_with_Ham_MET_DT2130.jpg/200px-Still_Life_with_Ham_MET_DT2130.jpg,Rousseau still life
200,https://kuleuven-datathon-2023.s3.eu-central-1.amazonaws.com/images/artist_pictures/(after)+Carel+Fabritius.jpg,http://upload.wikimedia.org/wikipedia/commons/thumb/0/07/Carel_Fabritius_-_Self-Portrait_-_Google_Art_Project.jpg/220px-Carel_Fabritius_-_Self-Portrait_-_Google_Art_Project.jpg,Self-portrait (c. 1645)
203,https://kuleuven-datathon-2023.s3.eu-central-1.amazonaws.com/images/artist_pictures/(after)+Franz+Von+Defregger.jpg,http://upload.wikimedia.org/wikipedia/commons/thumb/6/6d/Franz_von_Defregger_Self_Portrait_1880.jpg/220px-Franz_von_Defregger_Self_Portrait_1880.jpg,"Self Portrait, 1880"
204,https://kuleuven-datathon-2023.s3.eu-central-1.amazonaws.com/images/artist_pictures/Charles+van+den+Eycken.jpg,http://upload.wikimedia.org/wikipedia/commons/thumb/4/4d/Charles_Van_den_Eycken_-_The_little_writer.jpg/300px-Charles_Van_den_Eycken_-_The_little_writer.jpg,The little writer
205,https://kuleuven-datathon-2023.s3.eu-central-1.amazonaws.com/images/artist_pictures/Edward+Moran.jpg,http://upload.wikimedia.org/wikipedia/commons/thumb/f/fc/Edward_Moran.jpg/220px-Edward_Moran.jpg,Edward Moran
209,https://kuleuven-datathon-2023.s3.eu-central-1.amazonaws.com/images/artist_pictures/Jan+Van+Huysum.jpg,http://upload.wikimedia.org/wikipedia/commons/thumb/6/6d/Jan_van_Huysum_%28Dutch_-_Fruit_Piece_-_Google_Art_Project.jpg/220px-Jan_van_Huysum_%28Dutch_-_Fruit_Piece_-_Google_Art_Project.jpg,"Fruit and flowers, 1722"
210,https://kuleuven-datathon-2023.s3.eu-central-1.amazonaws.com/images/artist_pictures/Maximilien+Luce.jpg,http://upload.wikimedia.org/wikipedia/en/c/c5/Maximilien_Luce.jpg,
211,https://kuleuven-datathon-2023.s3.eu-central-1.amazonaws.com/images/artist_pictures/Franz+Andreas+Bauer.jpg,http://upload.wikimedia.org/wikipedia/commons/thumb/f/f6/Franz_Bauer03.jpg/220px-Franz_Bauer03.jpg,
216,https://kuleuven-datathon-2023.s3.eu-central-1.amazonaws.com/images/artist_pictures/Sebastiano+Del+Piombo+(Luciani).jpg,http://upload.wikimedia.org/wikipedia/commons/thumb/6/6d/Self_portrait%2C_after_Sebastiano_del_Piombo.jpg/220px-Self_portrait%2C_after_Sebastiano_del_Piombo.jpg,"Copy of The Violinist, sometimes claimed to be a self portrait"
217,https://kuleuven-datathon-2023.s3.eu-central-1.amazonaws.com/images/artist_pictures/John+Sell+Cotman.jpg,http://upload.wikimedia.org/wikipedia/commons/thumb/8/8d/Clint_-_Portrait_of_John_Sell_Cotman.jpg/220px-Clint_-_Portrait_of_John_Sell_Cotman.jpg,"Undated portrait by Alfred Clint, Norfolk Museums Collections"
218,https://kuleuven-datathon-2023.s3.eu-central-1.amazonaws.com/images/artist_pictures/Melozzo+da+Forli.jpg,http://upload.wikimedia.org/wikipedia/commons/9/9a/Melozzo.jpg,self-portrait
221,https://kuleuven-datathon-2023.s3.eu-central-1.amazonaws.com/images/artist_pictures/James+Howe.jpg,http://upload.wikimedia.org/wikipedia/commons/thumb/6/6e/James_Wong_Howe_Best_Cinematography_%28cropped%29.jpg/220px-James_Wong_Howe_Best_Cinematography_%28cropped%29.jpg,Howe winning the 1956 Academy Award for Best Cinematography
222,https://kuleuven-datathon-2023.s3.eu-central-1.amazonaws.com/images/artist_pictures/Franz+Xaver+Messerschmidt.jpg,http://upload.wikimedia.org/wikipedia/commons/thumb/4/44/Self_portrait_by_Franz_Xaver_Messerschmidt%2C_Pressburg%2C_c._1780%2C_alabaster_-_Bode-Museum_-_DSC02941.JPG/220px-Self_portrait_by_Franz_Xaver_Messerschmidt%2C_Pressburg%2C_c._1780%2C_alabaster_-_Bode-Museum_-_DSC02941.JPG,"Self portrait, c. 1780"
223,https://kuleuven-datathon-2023.s3.eu-central-1.amazonaws.com/images/artist_pictures/Karl+Friedrich+Schinkel.jpg,http://upload.wikimedia.org/wikipedia/commons/thumb/8/85/Schinkel1.jpg/220px-Schinkel1.jpg,Schinkel in 1836: by Carl Joseph Begas
224,https://kuleuven-datathon-2023.s3.eu-central-1.amazonaws.com/images/artist_pictures/Jean+Auguste+Dominique+Ingres.jpg,http://upload.wikimedia.org/wikipedia/commons/thumb/a/ab/Jean-Auguste-Dominique_Ingres.jpg/220px-Jean-Auguste-Dominique_Ingres.jpg,"Jean-Auguste-Dominique Ingres, c. 1855[1]"
227,https://kuleuven-datathon-2023.s3.eu-central-1.amazonaws.com/images/artist_pictures/Eduardo+Rosales.jpg,http://upload.wikimedia.org/wikipedia/commons/thumb/3/37/Eduardo_Rosales_por_Federico_de_Madrazo.jpg/220px-Eduardo_Rosales_por_Federico_de_Madrazo.jpg,"Eduardo Rosales, portrait by Federico de Madrazo, 1867"
229,https://kuleuven-datathon-2023.s3.eu-central-1.amazonaws.com/images/artist_pictures/Michel-Ange+Houasse.jpg,http://upload.wikimedia.org/wikipedia/commons/thumb/0/03/Luis_I_de_Espa%C3%B1a_con_armadura_%28Museo_del_Prado%29.jpg/220px-Luis_I_de_Espa%C3%B1a_con_armadura_%28Museo_del_Prado%29.jpg,Portrait of  prince Louis by Houasse
230,https://kuleuven-datathon-2023.s3.eu-central-1.amazonaws.com/images/artist_pictures/Paul+Klee.jpg,http://upload.wikimedia.org/wikipedia/commons/thumb/2/2a/Paul_Klee_by_Hugo_Erfurth%2C_1927.jpg/220px-Paul_Klee_by_Hugo_Erfurth%2C_1927.jpg,Paul Klee in 1926
232,https://kuleuven-datathon-2023.s3.eu-central-1.amazonaws.com/images/artist_pictures/Katsushika+Hokusai.jpg,http://upload.wikimedia.org/wikipedia/commons/thumb/1/1c/Hokusai_as_an_old_man.jpg/220px-Hokusai_as_an_old_man.jpg,Self-portrait at the age of eighty-three
238,https://kuleuven-datathon-2023.s3.eu-central-1.amazonaws.com/images/artist_pictures/Frederick+Goodall.jpg,http://upload.wikimedia.org/wikipedia/en/thumb/a/a8/Frederick-goodall.jpg/220px-Frederick-goodall.jpg,
239,https://kuleuven-datathon-2023.s3.eu-central-1.amazonaws.com/images/artist_pictures/Norman+Garstin.jpg,http://upload.wikimedia.org/wikipedia/commons/thumb/4/43/Penzance_-_Norman_Garstin%27s_heritage_plaque.jpg/220px-Penzance_-_Norman_Garstin%27s_heritage_plaque.jpg,Garstin's heritage plaque in Penzance
240,https://kuleuven-datathon-2023.s3.eu-central-1.amazonaws.com/images/artist_pictures/James+Abbott+McNeill+Whistler.jpg,http://upload.wikimedia.org/wikipedia/commons/thumb/e/e1/Whistler_Selbstportr%C3%A4t.jpg/220px-Whistler_Selbstportr%C3%A4t.jpg,"Arrangement in Gray: Portrait of the Painter(self portrait, c. 1872), Detroit Institute of Arts"
241,https://kuleuven-datathon-2023.s3.eu-central-1.amazonaws.com/images/artist_pictures/John+James+Audubon.jpg,http://upload.wikimedia.org/wikipedia/commons/thumb/8/8e/John_James_Audubon_1826.jpg/220px-John_James_Audubon_1826.jpg,"Portrait of Audubon by John Syme, 1826"
242,https://kuleuven-datathon-2023.s3.eu-central-1.amazonaws.com/images/artist_pictures/Bernardo+Bellotto+(Canaletto).jpg,http://upload.wikimedia.org/wikipedia/commons/thumb/4/4d/Bernardo_Bellotto.jpg/220px-Bernardo_Bellotto.jpg,Detail of Self-portrait as Venetian ambassador (c. 1765)
244,https://kuleuven-datathon-2023.s3.eu-central-1.amazonaws.com/images/artist_pictures/George+Henry+Boughton.jpg,http://upload.wikimedia.org/wikipedia/commons/thumb/0/01/George_Henry_Boughton%2C_by_George_Henry_Boughton.jpg/220px-George_Henry_Boughton%2C_by_George_Henry_Boughton.jpg,Self-portrait (1884)
245,https://kuleuven-datathon-2023.s3.eu-central-1.amazonaws.com/images/artist_pictures/John+Frederick+Kensett.jpg,http://upload.wikimedia.org/wikipedia/commons/thumb/c/c4/John_Frederick_Kensett%2C_by_David_Johnson.jpg/220px-John_Frederick_Kensett%2C_by_David_Johnson.jpg,"John Frederick Kensett (David Johnson, 1874)"
246,https://kuleuven-datathon-2023.s3.eu-central-1.amazonaws.com/images/artist_pictures/(after)+Giovanni+Paolo+Panini.jpg,http://upload.wikimedia.org/wikipedia/commons/thumb/6/69/Giovanni_Paolo_Pannini_by_Blanchet.jpg/250px-Giovanni_Paolo_Pannini_by_Blanchet.jpg,Portrait of Panini by Louis Gabriel Blanchet
248,https://kuleuven-datathon-2023.s3.eu-central-1.amazonaws.com/images/artist_pictures/John+William+Haynes.jpg,http://upload.wikimedia.org/wikipedia/commons/thumb/e/e2/William_Haynes_Vidcon_2017.jpg/220px-William_Haynes_Vidcon_2017.jpg,Haynes at VidCon 2017
250,https://kuleuven-datathon-2023.s3.eu-central-1.amazonaws.com/images/artist_pictures/Louis+Janmot.jpg,http://upload.wikimedia.org/wikipedia/commons/thumb/c/cf/Louis_Janmot_-_Portrait_de_l%27artiste.jpg/220px-Louis_Janmot_-_Portrait_de_l%27artiste.jpg,"Louis Janmot (self-portrait, 1832)"
258,https://kuleuven-datathon-2023.s3.eu-central-1.amazonaws.com/images/artist_pictures/Euphemie+Muraton.jpg,http://upload.wikimedia.org/wikipedia/commons/3/33/Euph%C3%A9mie_Muraton.png,
263,https://kuleuven-datathon-2023.s3.eu-central-1.amazonaws.com/images/artist_pictures/Henri-Jules-Jean+Geoffroy+(Geo).jpg,http://upload.wikimedia.org/wikipedia/commons/thumb/f/f4/PSM_V82_D416_Henri_Poincare.png/220px-PSM_V82_D416_Henri_Poincare.png,Henri Poincaré (photograph published in 1913)
266,https://kuleuven-datathon-2023.s3.eu-central-1.amazonaws.com/images/artist_pictures/Sir+Godfrey+Kneller.jpg,http://upload.wikimedia.org/wikipedia/commons/thumb/9/9e/Godfrey_Kneller_Selfportrait.jpg/220px-Godfrey_Kneller_Selfportrait.jpg,"Self-Portrait, 1685, NPG London"
268,https://kuleuven-datathon-2023.s3.eu-central-1.amazonaws.com/images/artist_pictures/Alfred+Dedreux.jpg,http://upload.wikimedia.org/wikipedia/commons/thumb/a/a8/Alfred_Dedreux.jpg/220px-Alfred_Dedreux.jpg,"Alfred de Dreux from the Almanach de la littérature, du théâtre et des beaux-arts (1860)"
269,https://kuleuven-datathon-2023.s3.eu-central-1.amazonaws.com/images/artist_pictures/Giacinto+Gigante.jpg,http://upload.wikimedia.org/wikipedia/commons/thumb/f/f9/Gigante_Giacinto%2C_ritratto.png/220px-Gigante_Giacinto%2C_ritratto.png,
272,https://kuleuven-datathon-2023.s3.eu-central-1.amazonaws.com/images/artist_pictures/Victor-Gabriel+Gilbert.jpg,http://upload.wikimedia.org/wikipedia/commons/thumb/a/a8/Gilbert_Victor-Gabriel_Mariani_t_VII_1902_portrait.jpg/250px-Gilbert_Victor-Gabriel_Mariani_t_VII_1902_portrait.jpg,"Waterhouse portrait, 1902."
278,https://kuleuven-datathon-2023.s3.eu-central-1.amazonaws.com/images/artist_pictures/Cornelis+Lieste.jpg,http://upload.wikimedia.org/wikipedia/commons/thumb/8/88/Ehnle%2C_Cornelis_Lieste.jpg/220px-Ehnle%2C_Cornelis_Lieste.jpg,"Cornelis Lieste; portrait by
Adrianus Johannes Ehnle"
279,https://kuleuven-datathon-2023.s3.eu-central-1.amazonaws.com/images/artist_pictures/Max+Liebermann.jpg,http://upload.wikimedia.org/wikipedia/commons/thumb/5/5a/Max_Liebermann_1904.jpeg/220px-Max_Liebermann_1904.jpeg,Photograph by Jacob Hilsdorf (1904)
285,https://kuleuven-datathon-2023.s3.eu-central-1.amazonaws.com/images/artist_pictures/Edward+Percy+Moran.jpg,http://upload.wikimedia.org/wikipedia/commons/thumb/8/8f/Edward_Percy_Moran.png/220px-Edward_Percy_Moran.png,
286,https://kuleuven-datathon-2023.s3.eu-central-1.amazonaws.com/images/artist_pictures/William+James+Muller.jpg,http://upload.wikimedia.org/wikipedia/commons/thumb/7/7d/William_james_muller.jpg/220px-William_james_muller.jpg,"William James Müller, portrait 1825-50"
287,https://kuleuven-datathon-2023.s3.eu-central-1.amazonaws.com/images/artist_pictures/Jacek+Malczewski.jpg,http://upload.wikimedia.org/wikipedia/commons/thumb/1/1c/Self-portrait_in_White_Dress_-_Jacek_Malczewski.jpg/226px-Self-portrait_in_White_Dress_-_Jacek_Malczewski.jpg,"Self-portrait, 1914"
290,https://kuleuven-datathon-2023.s3.eu-central-1.amazonaws.com/images/artist_pictures/Elisabeth+Vigee-Lebrun.jpg,http://upload.wikimedia.org/wikipedia/commons/thumb/3/35/Self-portrait_in_a_Straw_Hat_by_Elisabeth-Louise_Vig%C3%A9e-Lebrun.jpg/220px-Self-portrait_in_a_Straw_Hat_by_Elisabeth-Louise_Vig%C3%A9e-Lebrun.jpg,"Self-portrait in a Straw Hat, 1782"
298,"https://kuleuven-datathon-2023.s3.eu-central-1.amazonaws.com/images/artist_pictures/Willem+van+de,+the+Younger+Velde.jpg",http://upload.wikimedia.org/wikipedia/commons/thumb/b/be/Willem_van_de_Velde_II_%281633-1707%29_-_%28by_Lodewijk_van_der_Helst%2C_1672%29.jpg/220px-Willem_van_de_Velde_II_%281633-1707%29_-_%28by_Lodewijk_van_der_Helst%2C_1672%29.jpg,Portrait of Van de Velde in 1672 by Lodewijk van der Helst
301,https://kuleuven-datathon-2023.s3.eu-central-1.amazonaws.com/images/artist_pictures/Paul+Delaroche.jpg,http://upload.wikimedia.org/wikipedia/commons/thumb/b/b7/DelarochePortrait.jpg/220px-DelarochePortrait.jpg,Self-portrait
304,https://kuleuven-datathon-2023.s3.eu-central-1.amazonaws.com/images/artist_pictures/John+William+Waterhouse.jpg,http://upload.wikimedia.org/wikipedia/commons/thumb/b/ba/John_William_Waterhouse_001.jpg/220px-John_William_Waterhouse_001.jpg,"Waterhouse, circa 1886"
306,"https://kuleuven-datathon-2023.s3.eu-central-1.amazonaws.com/images/artist_pictures/(after)+Pugin,+Augustus+Charles.jpg",http://upload.wikimedia.org/wikipedia/commons/thumb/9/9f/Augustus_Welby_Northmore_Pugin_from_NPG.jpg/220px-Augustus_Welby_Northmore_Pugin_from_NPG.jpg,
309,https://kuleuven-datathon-2023.s3.eu-central-1.amazonaws.com/images/artist_pictures/Ignace+Henri+Jean+Fantin-Latour.jpg,http://upload.wikimedia.org/wikipedia/commons/thumb/f/f5/Henri_Fantin-Latour_autoportrait.jpg/220px-Henri_Fantin-Latour_autoportrait.jpg,"Self-portrait (1859), Museum of Grenoble"
311,https://kuleuven-datathon-2023.s3.eu-central-1.amazonaws.com/images/artist_pictures/Leon+Francois+Comerre.jpg,http://upload.wikimedia.org/wikipedia/commons/thumb/7/71/COMERRE_L%C3%A9on-Fran%C3%A7ois.jpg/220px-COMERRE_L%C3%A9on-Fran%C3%A7ois.jpg,Léon-François Comerre
312,https://kuleuven-datathon-2023.s3.eu-central-1.amazonaws.com/images/artist_pictures/Luca+Carlevaris.jpg,http://upload.wikimedia.org/wikipedia/commons/thumb/7/78/Luca_Carlevarijs.jpg/200px-Luca_Carlevarijs.jpg,Portrait (1724) by Bartolomeo Nazari
318,https://kuleuven-datathon-2023.s3.eu-central-1.amazonaws.com/images/artist_pictures/Charles+Rennie+Mackintosh.jpg,http://upload.wikimedia.org/wikipedia/commons/thumb/3/3f/Charles-Rennie-Mackintosh.jpg/220px-Charles-Rennie-Mackintosh.jpg,
319,https://kuleuven-datathon-2023.s3.eu-central-1.amazonaws.com/images/artist_pictures/(after)+Francois+Boucher.jpg,http://upload.wikimedia.org/wikipedia/commons/thumb/f/f9/Boucher_par_Gustav_Lundberg_1741.jpg/220px-Boucher_par_Gustav_Lundberg_1741.jpg,Portrait of François Boucher by Gustaf Lundberg (1741)
321,https://kuleuven-datathon-2023.s3.eu-central-1.amazonaws.com/images/artist_pictures/(after)+Sir+Edward+Coley+Burne-Jones.jpg,http://upload.wikimedia.org/wikipedia/commons/thumb/8/81/Edward_Burne-Jones_Photogravure_Hollyer.jpg/220px-Edward_Burne-Jones_Photogravure_Hollyer.jpg,"Photogravure of a portrait of Edward Burne-Jones by his son Philip Burne-Jones, 1898"
322,https://kuleuven-datathon-2023.s3.eu-central-1.amazonaws.com/images/artist_pictures/Artemisia+Gentileschi.jpg,http://upload.wikimedia.org/wikipedia/commons/thumb/0/05/Self-portrait_as_the_Allegory_of_Painting_%28La_Pittura%29_-_Artemisia_Gentileschi.jpg/220px-Self-portrait_as_the_Allegory_of_Painting_%28La_Pittura%29_-_Artemisia_Gentileschi.jpg,"Self-Portrait as the Allegory of Painting, 1638–39"
323,https://kuleuven-datathon-2023.s3.eu-central-1.amazonaws.com/images/artist_pictures/Umberto+Boccioni.jpg,http://upload.wikimedia.org/wikipedia/commons/thumb/b/ba/Umberto_Boccioni%2C_portrait_photograph.jpg/210px-Umberto_Boccioni%2C_portrait_photograph.jpg,Umberto Boccioni
324,https://kuleuven-datathon-2023.s3.eu-central-1.amazonaws.com/images/artist_pictures/Martin+van+Maele.jpg,http://upload.wikimedia.org/wikipedia/commons/thumb/d/da/Martin_Van_Maele_-_La_Grande_Danse_macabre_des_vifs_-_23.jpg/220px-Martin_Van_Maele_-_La_Grande_Danse_macabre_des_vifs_-_23.jpg,An illustration by Martin van Maële: La Grande danse macabre des vifs
325,https://kuleuven-datathon-2023.s3.eu-central-1.amazonaws.com/images/artist_pictures/Eugene+de+Blaas.jpg,http://upload.wikimedia.org/wikipedia/commons/thumb/7/7e/Eugen_von_Blaas-autoritratto.jpg/220px-Eugen_von_Blaas-autoritratto.jpg,Self portrait
327,https://kuleuven-datathon-2023.s3.eu-central-1.amazonaws.com/images/artist_pictures/Jacob+Jordaens.jpg,http://upload.wikimedia.org/wikipedia/commons/thumb/8/81/Jacob_Jordaens_-_Selbstbildnis_-_12876_-_Bavarian_State_Painting_Collections.jpg/220px-Jacob_Jordaens_-_Selbstbildnis_-_12876_-_Bavarian_State_Painting_Collections.jpg,Self-Portrait (c. 1650).
328,https://kuleuven-datathon-2023.s3.eu-central-1.amazonaws.com/images/artist_pictures/Anders+Zorn.jpg,http://upload.wikimedia.org/wikipedia/commons/thumb/0/0b/Anders_Zorn_1908.jpg/220px-Anders_Zorn_1908.jpg,Anders Zorn 1908
329,https://kuleuven-datathon-2023.s3.eu-central-1.amazonaws.com/images/artist_pictures/Georges+Antoine+Rochegrosse.jpg,http://upload.wikimedia.org/wikipedia/commons/thumb/e/e1/Autoportrait_Rochegrosse_1908.jpg/220px-Autoportrait_Rochegrosse_1908.jpg,"Georges Rochegrosse. Self-portrait, 1908"
339,https://kuleuven-datathon-2023.s3.eu-central-1.amazonaws.com/images/artist_pictures/Eastman+Johnson.jpg,http://upload.wikimedia.org/wikipedia/commons/thumb/d/d8/Eastman_Johnson_self-portrait%2C_1863.jpg/200px-Eastman_Johnson_self-portrait%2C_1863.jpg,"Self-portrait of Eastman Johnson, 1863"
340,https://kuleuven-datathon-2023.s3.eu-central-1.amazonaws.com/images/artist_pictures/William+Sidney+Mount.jpg,http://upload.wikimedia.org/wikipedia/commons/thumb/d/df/Mathew_B._Brady_-_William_Sidney_Mount.jpg/220px-Mathew_B._Brady_-_William_Sidney_Mount.jpg,"Daguerreotype photograph of Mountby Mathew B. Brady, c. 1855"
348,https://kuleuven-datathon-2023.s3.eu-central-1.amazonaws.com/images/artist_pictures/Emil+Nolde.jpg,http://upload.wikimedia.org/wikipedia/commons/thumb/6/61/WP_Emil_Nolde.jpg/200px-WP_Emil_Nolde.jpg,Nolde in 1929
349,https://kuleuven-datathon-2023.s3.eu-central-1.amazonaws.com/images/artist_pictures/(after)+Alexis-Simon+Belle.jpg,http://upload.wikimedia.org/wikipedia/commons/thumb/c/c0/Alexis_Simon_Belle%2C_self_portrait.JPG/220px-Alexis_Simon_Belle%2C_self_portrait.JPG,"Alexis Simon Belle, self portrait"
352,https://kuleuven-datathon-2023.s3.eu-central-1.amazonaws.com/images/artist_pictures/Leon+Frederic.jpg,http://upload.wikimedia.org/wikipedia/commons/thumb/2/2d/L%C3%A9on_Henri_Marie_Fr%C3%A9d%C3%A9ric_-_Autoportrait.jpg/220px-L%C3%A9on_Henri_Marie_Fr%C3%A9d%C3%A9ric_-_Autoportrait.jpg,Self-portrait
356,https://kuleuven-datathon-2023.s3.eu-central-1.amazonaws.com/images/artist_pictures/Sir+Peter+Lely.jpg,http://upload.wikimedia.org/wikipedia/commons/thumb/b/bc/Peter_Lely_Selfportrait.jpg/220px-Peter_Lely_Selfportrait.jpg,"Self-portrait, oil on canvas, c. 1660"
357,https://kuleuven-datathon-2023.s3.eu-central-1.amazonaws.com/images/artist_pictures/Aubrey+Vincent+Beardsley.jpg,http://upload.wikimedia.org/wikipedia/commons/thumb/8/80/Aubrey_Beardsley_by_Frederick_Hollyer%2C_1893.jpg/250px-Aubrey_Beardsley_by_Frederick_Hollyer%2C_1893.jpg,"Portrait of Beardsley by Frederick Hollyer, 1893"
358,https://kuleuven-datathon-2023.s3.eu-central-1.amazonaws.com/images/artist_pictures/Benjamin+West.jpg,http://upload.wikimedia.org/wikipedia/commons/thumb/a/ae/After_Benjamin_West%2C_Benjamin_West%2C_c._1776%2C_NGA_1133.jpg/220px-After_Benjamin_West%2C_Benjamin_West%2C_c._1776%2C_NGA_1133.jpg,"Self Portrait of Benjamin West, c. 1763"
359,https://kuleuven-datathon-2023.s3.eu-central-1.amazonaws.com/images/artist_pictures/Giuseppe+Arcimboldo.jpg,http://upload.wikimedia.org/wikipedia/commons/thumb/8/81/Giuseppe_Arcimboldo_-_Self_Portrait_-_Google_Art_Project.jpg/220px-Giuseppe_Arcimboldo_-_Self_Portrait_-_Google_Art_Project.jpg,"Self-portrait, now in National Gallery in Prague"
362,https://kuleuven-datathon-2023.s3.eu-central-1.amazonaws.com/images/artist_pictures/Henri+Matisse.jpg,http://upload.wikimedia.org/wikipedia/commons/thumb/7/76/Henri_Matisse%2C_1913%2C_photograph_by_Alvin_Langdon_Coburn.jpg/220px-Henri_Matisse%2C_1913%2C_photograph_by_Alvin_Langdon_Coburn.jpg,Matisse in 1913
363,https://kuleuven-datathon-2023.s3.eu-central-1.amazonaws.com/images/artist_pictures/Elihu+Vedder.jpg,http://upload.wikimedia.org/wikipedia/commons/thumb/1/14/Elihu_Vedder_1870.jpg/220px-Elihu_Vedder_1870.jpg,"Elihu Vedder, 1870"
370,https://kuleuven-datathon-2023.s3.eu-central-1.amazonaws.com/images/artist_pictures/Albert+Anker.jpg,http://upload.wikimedia.org/wikipedia/commons/thumb/3/39/Albert_Anker_-_Selbstbildnis_im_Profil%2C_nach_links.jpg/200px-Albert_Anker_-_Selbstbildnis_im_Profil%2C_nach_links.jpg,"Self-portrait in profile, left (1891)Watercolours, 16.3 × 12.7 cm"
373,https://kuleuven-datathon-2023.s3.eu-central-1.amazonaws.com/images/artist_pictures/Asher+Brown+Durand.jpg,http://upload.wikimedia.org/wikipedia/commons/thumb/a/a3/Asher_Brown_Durand_by_A._Bogardus.jpg/220px-Asher_Brown_Durand_by_A._Bogardus.jpg,"Asher Brown Durand, circa 1869, by Abraham Bogardus"
382,https://kuleuven-datathon-2023.s3.eu-central-1.amazonaws.com/images/artist_pictures/Felicien+Rops.jpg,http://upload.wikimedia.org/wikipedia/commons/2/21/F%C3%A9licien_Rops.jpg,Detail from The Members of theSociété Libre des Beaux-Artsby Edmond Lambrichs
385,https://kuleuven-datathon-2023.s3.eu-central-1.amazonaws.com/images/artist_pictures/(after)+Federico+Zuccaro.jpg,http://upload.wikimedia.org/wikipedia/commons/thumb/f/f6/Portrait_of_Federico_Zuccari_-_Fede_Galizia.jpg/220px-Portrait_of_Federico_Zuccari_-_Fede_Galizia.jpg,"Self-portrait,  after 1588"
393,https://kuleuven-datathon-2023.s3.eu-central-1.amazonaws.com/images/artist_pictures/Franz+von+Stuck.jpg,http://upload.wikimedia.org/wikipedia/commons/thumb/9/9d/Franz_von_Stuck%2C_by_Franz_von_Stuck.jpg/175px-Franz_von_Stuck%2C_by_Franz_von_Stuck.jpg,Self-Portrait (1923)
394,https://kuleuven-datathon-2023.s3.eu-central-1.amazonaws.com/images/artist_pictures/Louis+L%C3%A9opold+Boilly.jpg,http://upload.wikimedia.org/wikipedia/commons/thumb/3/3d/Lille_PBA_Boilly_autoportrait.jpg/210px-Lille_PBA_Boilly_autoportrait.jpg,Self-portrait c. 1793
395,https://kuleuven-datathon-2023.s3.eu-central-1.amazonaws.com/images/artist_pictures/Hans+Dahl.jpg,http://upload.wikimedia.org/wikipedia/commons/thumb/1/1d/Dahl_Hans_Selbstportrait.jpg/220px-Dahl_Hans_Selbstportrait.jpg,
396,https://kuleuven-datathon-2023.s3.eu-central-1.amazonaws.com/images/artist_pictures/Saturnino+Herran.jpg,http://upload.wikimedia.org/wikipedia/commons/thumb/1/1e/Autorretrato_con_calavera_%28c._1918%29.png/220px-Autorretrato_con_calavera_%28c._1918%29.png,"Self portrait, charcoal sketch, c. 1918"
400,https://kuleuven-datathon-2023.s3.eu-central-1.amazonaws.com/images/artist_pictures/Mihaly+Munkacsy.jpg,http://upload.wikimedia.org/wikipedia/commons/thumb/3/3d/Munk%C3%A1csy_Self-portrait_1870s.jpg/220px-Munk%C3%A1csy_Self-portrait_1870s.jpg,Self-portrait drawing (1870s)
402,https://kuleuven-datathon-2023.s3.eu-central-1.amazonaws.com/images/artist_pictures/Giovanni+Francesco+Guercino+(BARBIERI).jpg,http://upload.wikimedia.org/wikipedia/commons/thumb/4/42/Self-portrait_by_Guercino.jpg/220px-Self-portrait_by_Guercino.jpg,"Self portrait, c. 1635"
404,https://kuleuven-datathon-2023.s3.eu-central-1.amazonaws.com/images/artist_pictures/Henri+Lebasque.jpg,http://upload.wikimedia.org/wikipedia/commons/thumb/f/fc/Henri_Lebasque_c._1900.jpg/220px-Henri_Lebasque_c._1900.jpg,"Henri Lebasque, photo c.1900"
406,https://kuleuven-datathon-2023.s3.eu-central-1.amazonaws.com/images/artist_pictures/Pompeo+Mariani.jpg,http://upload.wikimedia.org/wikipedia/commons/thumb/d/d5/Pompeo_Mariani%2C_autoritratto_1908.jpg/220px-Pompeo_Mariani%2C_autoritratto_1908.jpg,"Pompeo Mariani, self portrait (1908)"
409,https://kuleuven-datathon-2023.s3.eu-central-1.amazonaws.com/images/artist_pictures/Philip+Alexius+De+Laszlo.jpg,http://upload.wikimedia.org/wikipedia/commons/thumb/2/2b/De_Laszlo_PA_5668.jpg/220px-De_Laszlo_PA_5668.jpg,"Self-portrait, 1925"
410,https://kuleuven-datathon-2023.s3.eu-central-1.amazonaws.com/images/artist_pictures/Joseph-Austin+Benwell.jpg,http://upload.wikimedia.org/wikipedia/commons/thumb/e/ee/Joseph_Austin_Benwell_Rastende_bei_der_gro%C3%9Fen_Sphinx_von_Gizeh_1886.jpg/220px-Joseph_Austin_Benwell_Rastende_bei_der_gro%C3%9Fen_Sphinx_von_Gizeh_1886.jpg,"The Great Sphinx of Egypt, painting by Joseph Austin Benwell 1886"
411,https://kuleuven-datathon-2023.s3.eu-central-1.amazonaws.com/images/artist_pictures/(after)+Carlo+Maratta+Or+Maratti.jpg,http://upload.wikimedia.org/wikipedia/commons/thumb/4/43/Maratta_Self_Portrait.jpg/220px-Maratta_Self_Portrait.jpg,Self-portrait
412,https://kuleuven-datathon-2023.s3.eu-central-1.amazonaws.com/images/artist_pictures/Wassily+Kandinsky.jpg,http://upload.wikimedia.org/wikipedia/commons/8/8a/Vassily-Kandinsky.jpeg,"Kandinsky, c. 1913 or earlier"
413,https://kuleuven-datathon-2023.s3.eu-central-1.amazonaws.com/images/artist_pictures/El+Greco+(Domenikos+Theotokopoulos).jpg,http://upload.wikimedia.org/wikipedia/commons/thumb/e/eb/El_Greco_-_Portrait_of_a_Man_-_WGA10554.jpg/220px-El_Greco_-_Portrait_of_a_Man_-_WGA10554.jpg,"Portrait of a Man (presumed self-portrait of El Greco, c. 1595–1600) in Metropolitan Museum of Art, New York City[1]"
419,https://kuleuven-datathon-2023.s3.eu-central-1.amazonaws.com/images/artist_pictures/Lorenzo+Costa.jpg,http://upload.wikimedia.org/wikipedia/commons/thumb/2/28/Lorenzo_Costa_002.jpg/240px-Lorenzo_Costa_002.jpg,"Holy Family by Lorenzo Costa, at the Musée des Beaux-Arts, Lyon"
424,https://kuleuven-datathon-2023.s3.eu-central-1.amazonaws.com/images/artist_pictures/Konstantin+Egorovich+Egorovich+Makovsky.jpg,http://upload.wikimedia.org/wikipedia/commons/thumb/f/f7/%D0%9A%D0%BE%D0%BD%D1%81%D1%82%D0%B0%D0%BD%D1%82%D0%B8%D0%BD_%D0%9C%D0%B0%D0%BA%D0%BE%D0%B2%D1%81%D0%BA%D0%B8%D0%B9.jpg/280px-%D0%9A%D0%BE%D0%BD%D1%81%D1%82%D0%B0%D0%BD%D1%82%D0%B8%D0%BD_%D0%9C%D0%B0%D0%BA%D0%BE%D0%B2%D1%81%D0%BA%D0%B8%D0%B9.jpg,"Konstantin Makovsky, 1900s"
425,https://kuleuven-datathon-2023.s3.eu-central-1.amazonaws.com/images/artist_pictures/John+Byam+Liston+Shaw.jpg,http://upload.wikimedia.org/wikipedia/commons/thumb/7/7b/Mr-Byam-Shaw-criticising-a-student-s-work-in-the-costume.jpg/220px-Mr-Byam-Shaw-criticising-a-student-s-work-in-the-costume.jpg,Shaw criticising a student's work.
426,https://kuleuven-datathon-2023.s3.eu-central-1.amazonaws.com/images/artist_pictures/Nathaniel+Currier.jpg,http://upload.wikimedia.org/wikipedia/commons/thumb/f/fd/Nathaniel_Currier.jpg/220px-Nathaniel_Currier.jpg,
429,https://kuleuven-datathon-2023.s3.eu-central-1.amazonaws.com/images/artist_pictures/Sir+Edwin+Henry+Landseer.jpg,http://upload.wikimedia.org/wikipedia/commons/thumb/2/25/Sir_Edwin_Henry_Landseer.jpg/220px-Sir_Edwin_Henry_Landseer.jpg,Portrait by Sir Francis Grant (1852)
430,https://kuleuven-datathon-2023.s3.eu-central-1.amazonaws.com/images/artist_pictures/Samuel+Palmer.jpg,http://upload.wikimedia.org/wikipedia/commons/thumb/2/25/Samuel_Palmer_-_Self-Portrait_-_WGA16951.jpg/220px-Samuel_Palmer_-_Self-Portrait_-_WGA16951.jpg,"Self portrait, c.1826"
436,https://kuleuven-datathon-2023.s3.eu-central-1.amazonaws.com/images/artist_pictures/Pieter+De+Hooch.jpg,http://upload.wikimedia.org/wikipedia/commons/thumb/0/0c/Angebliche_zelfportret_van_de_schilder_Pieter_de_Hooch%2C_Rijksmuseum_SK-A-181.jpg/220px-Angebliche_zelfportret_van_de_schilder_Pieter_de_Hooch%2C_Rijksmuseum_SK-A-181.jpg,Self-portrait (1652–79)
440,https://kuleuven-datathon-2023.s3.eu-central-1.amazonaws.com/images/artist_pictures/Pierre+Mignard.jpg,http://upload.wikimedia.org/wikipedia/commons/thumb/2/2f/Pierre_Mignard_-_Self-portrait.png/220px-Pierre_Mignard_-_Self-portrait.png,Pierre Mignard self-portrait
447,https://kuleuven-datathon-2023.s3.eu-central-1.amazonaws.com/images/artist_pictures/Francis+Coates+Jones.jpg,http://upload.wikimedia.org/wikipedia/commons/b/bc/Francis_Coates_Jones_in_his_studio%2C_1895_cropped.jpg,"Francis Coates Jones in his studio, 1895"
448,https://kuleuven-datathon-2023.s3.eu-central-1.amazonaws.com/images/artist_pictures/Jusepe+de+Ribera.jpg,http://upload.wikimedia.org/wikipedia/commons/thumb/f/f4/Hamlet_Winstanley_-_Self-portrait_of_Jusepe_de_Ribera.jpeg/220px-Hamlet_Winstanley_-_Self-portrait_of_Jusepe_de_Ribera.jpeg,Copy of Saint Thomas (purported Ribera self-portrait) engraved by Hamlet Winstanley
449,https://kuleuven-datathon-2023.s3.eu-central-1.amazonaws.com/images/artist_pictures/Max+Slevogt.jpg,http://upload.wikimedia.org/wikipedia/commons/thumb/a/a1/Max_Slevogt.jpg/220px-Max_Slevogt.jpg,Slevogt portrayed in a 1917 etching by Emil Orlik
452,https://kuleuven-datathon-2023.s3.eu-central-1.amazonaws.com/images/artist_pictures/Giovanni+Battista+Tiepolo.jpg,http://upload.wikimedia.org/wikipedia/commons/thumb/4/4e/Tiepolo%2C_Giovanni_Battista_-_Fresken_Treppenhaus_des_W%C3%BCrzburger_Residenzschlosses%2C_Szenen_zur_Apotheose_des_F%C3%BCrstbischofs%2C_Detail_Giovanni_Battista_Tiepolo_-_1750-1753.jpg/220px-thumbnail.jpg,"Self-portrait (1750–1753), from the ceiling fresco in the Würzburg Residence"
453,https://kuleuven-datathon-2023.s3.eu-central-1.amazonaws.com/images/artist_pictures/Daniel+Maclise.jpg,http://upload.wikimedia.org/wikipedia/commons/thumb/e/ef/Daniel_Maclise.png/220px-Daniel_Maclise.png,Daniel Maclise photographed by William Lake Price
461,https://kuleuven-datathon-2023.s3.eu-central-1.amazonaws.com/images/artist_pictures/Charles+Cooper+Henderson.jpg,http://upload.wikimedia.org/wikipedia/commons/a/a6/Charles_Cooper_Henderson.jpg,Charles Cooper Henderson
467,https://kuleuven-datathon-2023.s3.eu-central-1.amazonaws.com/images/artist_pictures/Horace+Vernet.jpg,http://upload.wikimedia.org/wikipedia/commons/thumb/a/a8/Emile_Jean_Horace_Vernet_002.jpg/220px-Emile_Jean_Horace_Vernet_002.jpg,"Self-Portrait with Pipe, 1835"
468,https://kuleuven-datathon-2023.s3.eu-central-1.amazonaws.com/images/artist_pictures/Fritz+Thaulow.jpg,http://upload.wikimedia.org/wikipedia/commons/thumb/7/7a/Fritz_Thaulow_%281847_-_1906%29_%287859299524%29.jpg/240px-Fritz_Thaulow_%281847_-_1906%29_%287859299524%29.jpg,
472,https://kuleuven-datathon-2023.s3.eu-central-1.amazonaws.com/images/artist_pictures/Giovanni+Battista+(Baciccio)+Gaulli.jpg,http://upload.wikimedia.org/wikipedia/commons/thumb/1/1f/Baciccio_Autorretrato_Corredor_de_Vasari._Galer%C3%ADa_de_los_Uffizi.jpg/220px-Baciccio_Autorretrato_Corredor_de_Vasari._Galer%C3%ADa_de_los_Uffizi.jpg,"Self-portrait, c. 1667"
473,https://kuleuven-datathon-2023.s3.eu-central-1.amazonaws.com/images/artist_pictures/Giovanni+Battista+Piranesi.jpg,http://upload.wikimedia.org/wikipedia/commons/thumb/9/9a/Piranesi-Portrait.jpg/220px-Piranesi-Portrait.jpg,Portrait by Francesco Piranesi
474,https://kuleuven-datathon-2023.s3.eu-central-1.amazonaws.com/images/artist_pictures/Margaretha+Roosenboom.jpg,http://upload.wikimedia.org/wikipedia/en/thumb/8/87/Photo_of_Margaretha_Roosenboom.jpg/220px-Photo_of_Margaretha_Roosenboom.jpg,
479,https://kuleuven-datathon-2023.s3.eu-central-1.amazonaws.com/images/artist_pictures/Peder+Monsted.jpg,http://upload.wikimedia.org/wikipedia/commons/thumb/e/e2/Sigvard_Hansen_-_Maleren_Peder_M%C3%B8nsted_ved_staffeliet_-_1895.png/170px-Sigvard_Hansen_-_Maleren_Peder_M%C3%B8nsted_ved_staffeliet_-_1895.png,1895 portrait by Sigvard Hansen
481,https://kuleuven-datathon-2023.s3.eu-central-1.amazonaws.com/images/artist_pictures/Cosimo+Piero+di.jpg,http://upload.wikimedia.org/wikipedia/commons/thumb/f/f0/Piero_di_cosimo%2C_liberazione_di_andromeda%2C_autoritratto.jpg/150px-Piero_di_cosimo%2C_liberazione_di_andromeda%2C_autoritratto.jpg,Presumed self-portrait at the right side of his painting Perseus Freeing Andromeda
485,https://kuleuven-datathon-2023.s3.eu-central-1.amazonaws.com/images/artist_pictures/Johann+Andreas+Graff.jpg,http://upload.wikimedia.org/wikipedia/commons/thumb/a/a6/Bildnis_der_Maria_Sibylla_Merian%2C_1679.jpg/220px-Bildnis_der_Maria_Sibylla_Merian%2C_1679.jpg,"Maria Sibylla Merian portrayed by Jacob Marrel (1679), Kunstmuseum Basel"
487,https://kuleuven-datathon-2023.s3.eu-central-1.amazonaws.com/images/artist_pictures/Philipp+Otto+Runge.jpg,http://upload.wikimedia.org/wikipedia/commons/thumb/e/e4/Philipp_Otto_Runge_005.jpg/220px-Philipp_Otto_Runge_005.jpg,"Self-portrait, ca. 1802, Hamburger Kunsthalle"
496,https://kuleuven-datathon-2023.s3.eu-central-1.amazonaws.com/images/artist_pictures/Elizabeth+Stanhope+Forbes.jpg,http://upload.wikimedia.org/wikipedia/commons/thumb/5/5f/Stanhope_Alexander_Forbes_bw_restored.jpg/220px-Stanhope_Alexander_Forbes_bw_restored.jpg,
498,https://kuleuven-datathon-2023.s3.eu-central-1.amazonaws.com/images/artist_pictures/Juan+Luna+y+Novicio.jpg,http://upload.wikimedia.org/wikipedia/commons/thumb/1/1a/Luna_1899.png/220px-Luna_1899.png,Juan Luna c. 1899
499,https://kuleuven-datathon-2023.s3.eu-central-1.amazonaws.com/images/artist_pictures/Nicolas+Lancret.jpg,http://upload.wikimedia.org/wikipedia/commons/thumb/6/6c/Nicolas_Lancret.jpg/175px-Nicolas_Lancret.jpg,Lancret (self-portrait)
504,https://kuleuven-datathon-2023.s3.eu-central-1.amazonaws.com/images/artist_pictures/George+William+Joy.jpg,http://upload.wikimedia.org/wikipedia/commons/thumb/2/28/George_W._Joy_%281900%29%2C_by_himself.jpg/220px-George_W._Joy_%281900%29%2C_by_himself.jpg,"Self-portrait, 1900"
507,https://kuleuven-datathon-2023.s3.eu-central-1.amazonaws.com/images/artist_pictures/Jacob+Marrel.jpg,http://upload.wikimedia.org/wikipedia/commons/thumb/d/d4/Jacob_Marrel_Selbstportrait.jpg/220px-Jacob_Marrel_Selbstportrait.jpg,"Jacob Marrel, self-portrait 1661."
509,https://kuleuven-datathon-2023.s3.eu-central-1.amazonaws.com/images/artist_pictures/Jules+Frederic+Ballavoine.jpg,http://upload.wikimedia.org/wikipedia/commons/thumb/6/6d/Jules-Fr%C3%A9d%C3%A9ric_Ballavoine%2C_about_1882.jpg/220px-Jules-Fr%C3%A9d%C3%A9ric_Ballavoine%2C_about_1882.jpg,Photographic portrait (c. 1882)
512,https://kuleuven-datathon-2023.s3.eu-central-1.amazonaws.com/images/artist_pictures/Emile+Munier.jpg,http://upload.wikimedia.org/wikipedia/commons/thumb/9/9f/Munier_photograph_1893.jpg/220px-Munier_photograph_1893.jpg,Émile Munier c.1893
514,https://kuleuven-datathon-2023.s3.eu-central-1.amazonaws.com/images/artist_pictures/Yves+Tanguy.jpg,http://upload.wikimedia.org/wikipedia/en/thumb/6/66/Yves_Tanguy_%28by_Denise_Bellon%29.png/220px-Yves_Tanguy_%28by_Denise_Bellon%29.png,"Yves Tanguy in his Paris atelier, as photographed by Denise Bellon (1938)"
519,https://kuleuven-datathon-2023.s3.eu-central-1.amazonaws.com/images/artist_pictures/Ralph+Albert+Blakelock.jpg,http://upload.wikimedia.org/wikipedia/commons/thumb/8/86/Ralph_Albert_Blakelock.jpg/220px-Ralph_Albert_Blakelock.jpg,"Ralph Blakelock, 1870"
520,https://kuleuven-datathon-2023.s3.eu-central-1.amazonaws.com/images/artist_pictures/Jean+Fr%C3%A9d%C3%A9ric+Bazille.jpg,http://upload.wikimedia.org/wikipedia/commons/thumb/4/45/Fr%C3%A9d%C3%A9ric_Bazille_004.jpg/220px-Fr%C3%A9d%C3%A9ric_Bazille_004.jpg,"Frédéric Bazille, Self-portrait, 1865–1866,  oil on canvas, Art Institute of Chicago"
523,https://kuleuven-datathon-2023.s3.eu-central-1.amazonaws.com/images/artist_pictures/Kazimir+Severinovich+Malevich.jpg,http://upload.wikimedia.org/wikipedia/commons/thumb/e/e7/Self-Portrait_%281908_or_1910-1911%29_%28Kazimir_Malevich%29.jpg/220px-Self-Portrait_%281908_or_1910-1911%29_%28Kazimir_Malevich%29.jpg,Self Portrait 1910
527,https://kuleuven-datathon-2023.s3.eu-central-1.amazonaws.com/images/artist_pictures/Grafton+Tyler+Brown.jpg,http://upload.wikimedia.org/wikipedia/commons/thumb/5/5c/GraftonTylerBrown-A-08775.jpg/180px-GraftonTylerBrown-A-08775.jpg,
533,https://kuleuven-datathon-2023.s3.eu-central-1.amazonaws.com/images/artist_pictures/Nicolae+Grigorescu.jpg,http://upload.wikimedia.org/wikipedia/commons/thumb/6/6e/Ncolae_Grigorescu_%281860%29.JPG/220px-Ncolae_Grigorescu_%281860%29.JPG,Grigorescu in 1860
536,https://kuleuven-datathon-2023.s3.eu-central-1.amazonaws.com/images/artist_pictures/Giuseppe+Maria+Crespi.jpg,http://upload.wikimedia.org/wikipedia/commons/thumb/e/ef/Crespi%2C_Giuseppe_Maria_--_Self-Portrait_-_c._1700-transparent.png/170px-Crespi%2C_Giuseppe_Maria_--_Self-Portrait_-_c._1700-transparent.png,Self-Portrait c.1700
537,https://kuleuven-datathon-2023.s3.eu-central-1.amazonaws.com/images/artist_pictures/Utagawa+or+Ando+Hiroshige.jpg,http://upload.wikimedia.org/wikipedia/commons/thumb/6/68/Memorial_Portrait_of_Utagawa_Hiroshige_%285765350019%29.jpg/220px-Memorial_Portrait_of_Utagawa_Hiroshige_%285765350019%29.jpg,Memorial portrait of Hiroshige by Kunisada
538,https://kuleuven-datathon-2023.s3.eu-central-1.amazonaws.com/images/artist_pictures/Michael+Sweerts.jpg,http://upload.wikimedia.org/wikipedia/commons/thumb/e/e6/Michael_Sweerts_-_self_portrait_with_a_skull_c.1660.jpg/220px-Michael_Sweerts_-_self_portrait_with_a_skull_c.1660.jpg,"Self-portrait, c.1660"
540,https://kuleuven-datathon-2023.s3.eu-central-1.amazonaws.com/images/artist_pictures/Suzanne+Valadon.jpg,http://upload.wikimedia.org/wikipedia/commons/thumb/1/1a/Suzanne_Valadon_-_Self-Portrait_-_Google_Art_Project.jpg/220px-Suzanne_Valadon_-_Self-Portrait_-_Google_Art_Project.jpg,"Self-portrait, 1898, Museum of Fine Arts Houston"
541,"https://kuleuven-datathon-2023.s3.eu-central-1.amazonaws.com/images/artist_pictures/and+Snyders,+F.+Rubens,+Peter+Paul.jpg",http://upload.wikimedia.org/wikipedia/commons/thumb/a/a7/Sir_Peter_Paul_Rubens_-_Portrait_of_the_Artist_-_Google_Art_Project.jpg/220px-Sir_Peter_Paul_Rubens_-_Portrait_of_the_Artist_-_Google_Art_Project.jpg,"Self-Portrait, 1623, Royal Collection"
544,https://kuleuven-datathon-2023.s3.eu-central-1.amazonaws.com/images/artist_pictures/Pierre+Bonnard.jpg,http://upload.wikimedia.org/wikipedia/commons/thumb/3/39/T%C3%AAte_de_Bonnard_%28Portrait_photograph_of_Pierre_Bonnard%29%2C_c.1899%2C_Mus%C3%A9e_d%27Orsay%2C_restaur%C3%A9e.jpg/250px-T%C3%AAte_de_Bonnard_%28Portrait_photograph_of_Pierre_Bonnard%29%2C_c.1899%2C_Mus%C3%A9e_d%27Orsay%2C_restaur%C3%A9e.jpg,"Portrait photograph of Pierre Bonnard, c. 1899, Musée d'Orsay, Paris"
545,https://kuleuven-datathon-2023.s3.eu-central-1.amazonaws.com/images/artist_pictures/Ludwig+Deutsch.jpg,http://upload.wikimedia.org/wikipedia/commons/thumb/7/78/Ludwig_Deutsch_-_The_Scribe%2C_1911.jpg/160px-Ludwig_Deutsch_-_The_Scribe%2C_1911.jpg,"The Scribe painting by Ludwig Deutsch, 1911"
547,https://kuleuven-datathon-2023.s3.eu-central-1.amazonaws.com/images/artist_pictures/Teodor+Axentowicz.jpg,http://upload.wikimedia.org/wikipedia/commons/thumb/2/2b/Teodor_Axentowicz_Autoportret_1907.jpg/220px-Teodor_Axentowicz_Autoportret_1907.jpg,Self-portrait 1907
548,https://kuleuven-datathon-2023.s3.eu-central-1.amazonaws.com/images/artist_pictures/Charles+Ball.jpg,http://upload.wikimedia.org/wikipedia/commons/thumb/0/09/Charles_Ball_Black_U.S._Chesapeake_Flotilla_Sailor.jpg/225px-Charles_Ball_Black_U.S._Chesapeake_Flotilla_Sailor.jpg,Charles Ball wearing the uniform of the U.S. Navy's Chesapeake Bay Flotilla under the command of Commodore Joshua Barney in the War of 1812
550,https://kuleuven-datathon-2023.s3.eu-central-1.amazonaws.com/images/artist_pictures/John+Hoppner.jpg,http://upload.wikimedia.org/wikipedia/commons/thumb/7/72/John_Hoppner_by_John_Hoppner.jpg/220px-John_Hoppner_by_John_Hoppner.jpg,Self-portrait (c.1780)
551,https://kuleuven-datathon-2023.s3.eu-central-1.amazonaws.com/images/artist_pictures/Christian+Krohg.jpg,http://upload.wikimedia.org/wikipedia/commons/thumb/3/34/Portrett_av_Christian_Krohg%2C_ca_1903.jpg/220px-Portrett_av_Christian_Krohg%2C_ca_1903.jpg,
553,https://kuleuven-datathon-2023.s3.eu-central-1.amazonaws.com/images/artist_pictures/Jacopo+Vignali.jpg,http://upload.wikimedia.org/wikipedia/commons/thumb/8/88/Jacopo-vignali.jpg/220px-Jacopo-vignali.jpg,Portrait[1]
555,https://kuleuven-datathon-2023.s3.eu-central-1.amazonaws.com/images/artist_pictures/Gentile+Da+Fabriano.jpg,http://upload.wikimedia.org/wikipedia/commons/thumb/f/f2/056_le_vite%2C_gentile_da_fabriano.jpg/200px-056_le_vite%2C_gentile_da_fabriano.jpg,"Gentile da Fabriano, in a portrait by Giorgio Vasari"
557,https://kuleuven-datathon-2023.s3.eu-central-1.amazonaws.com/images/artist_pictures/Sir+Edward+John+Poynter.jpg,http://upload.wikimedia.org/wikipedia/commons/thumb/3/37/Edward_J_Poynter%2C_by_Alphonse_Legros.jpg/220px-Edward_J_Poynter%2C_by_Alphonse_Legros.jpg,"Edward Poynter, 1877 (Alphonse Legros)"
559,https://kuleuven-datathon-2023.s3.eu-central-1.amazonaws.com/images/artist_pictures/Ferdinand+Bol.jpg,http://upload.wikimedia.org/wikipedia/commons/thumb/3/3f/Ferdinand_Bol.Self-portrait.jpg/250px-Ferdinand_Bol.Self-portrait.jpg,Self-portrait by Ferdinand Bol
561,https://kuleuven-datathon-2023.s3.eu-central-1.amazonaws.com/images/artist_pictures/(after)+Anthonis+Mor+Van+Dashorst.jpg,http://upload.wikimedia.org/wikipedia/commons/thumb/6/66/Anthonis_Mor_Self_Portrait_1558.jpg/220px-Anthonis_Mor_Self_Portrait_1558.jpg,Self-portrait (1558) at the Uffizi
564,https://kuleuven-datathon-2023.s3.eu-central-1.amazonaws.com/images/artist_pictures/Joseph+Rodefer+DeCamp.jpg,http://upload.wikimedia.org/wikipedia/commons/thumb/3/36/Jdechamp.jpg/150px-Jdechamp.jpg,Joseph Rodefer DeCamp
565,https://kuleuven-datathon-2023.s3.eu-central-1.amazonaws.com/images/artist_pictures/(after)+Andrea+Del+Sarto.jpg,http://upload.wikimedia.org/wikipedia/commons/thumb/9/9c/Sarto%2C_Andrea_del_-_Self-portrait_-_Uffizi.jpg/220px-Sarto%2C_Andrea_del_-_Self-portrait_-_Uffizi.jpg,Self-portrait
566,https://kuleuven-datathon-2023.s3.eu-central-1.amazonaws.com/images/artist_pictures/Paul+De+Longpre.jpg,http://upload.wikimedia.org/wikipedia/commons/thumb/5/5e/Paul_de_Longpre_portrait_circa_1909.jpg/220px-Paul_de_Longpre_portrait_circa_1909.jpg,Postcard inset circa 1909
569,https://kuleuven-datathon-2023.s3.eu-central-1.amazonaws.com/images/artist_pictures/Richard+Dadd.jpg,http://upload.wikimedia.org/wikipedia/commons/thumb/8/83/Richard-Dadd-1817-1886.jpg/220px-Richard-Dadd-1817-1886.jpg,Richard Dadd working on Contradiction: Oberon and Titania (1854/1858). Photograph by Henry Hering.
572,https://kuleuven-datathon-2023.s3.eu-central-1.amazonaws.com/images/artist_pictures/Petrus+Van+Schendel.jpg,http://upload.wikimedia.org/wikipedia/commons/thumb/6/6e/Petrus_van_Schendel.jpg/220px-Petrus_van_Schendel.jpg,Self-portrait (1869)
573,https://kuleuven-datathon-2023.s3.eu-central-1.amazonaws.com/images/artist_pictures/Antoine+Vollon.jpg,http://upload.wikimedia.org/wikipedia/commons/thumb/2/21/Vollon_by_Petit.png/220px-Vollon_by_Petit.png,Photograph of Vollon in 1858 by Pierre Petit
576,https://kuleuven-datathon-2023.s3.eu-central-1.amazonaws.com/images/artist_pictures/William+Clarkson+Stanfield.jpg,http://upload.wikimedia.org/wikipedia/commons/thumb/f/f0/Clarkson_Stanfield%2C_1793-1867_RMG_BHC2339.tiff/lossy-page1-220px-Clarkson_Stanfield%2C_1793-1867_RMG_BHC2339.tiff.jpg,Portrait of Clarkson Stanfield by John Simpson circa 1829
577,https://kuleuven-datathon-2023.s3.eu-central-1.amazonaws.com/images/artist_pictures/Gleyre+Charles.jpg,http://upload.wikimedia.org/wikipedia/commons/thumb/9/95/Gleyre_-_Self_portrait.jpg/220px-Gleyre_-_Self_portrait.jpg,Self-portrait (1841)
579,https://kuleuven-datathon-2023.s3.eu-central-1.amazonaws.com/images/artist_pictures/Ren%C3%A9+Princeteau.jpg,http://upload.wikimedia.org/wikipedia/commons/thumb/6/61/Lautrec_Princeteau.jpg/220px-Lautrec_Princeteau.jpg,"portrait by Henri de Toulouse-Lautrec, 1881"
580,https://kuleuven-datathon-2023.s3.eu-central-1.amazonaws.com/images/artist_pictures/L%C3%A9on+Bonnat.jpg,http://upload.wikimedia.org/wikipedia/commons/thumb/3/3e/L%C3%A9on_Bonnat_-_Autoportrait.jpg/220px-L%C3%A9on_Bonnat_-_Autoportrait.jpg,"Self-portrait, age 22, circa. 1855"
581,https://kuleuven-datathon-2023.s3.eu-central-1.amazonaws.com/images/artist_pictures/Fernand-Anne+Piestre+Cormon.jpg,http://upload.wikimedia.org/wikipedia/commons/1/14/Fernand_Cormon.jpg,Fernand Cormon
582,https://kuleuven-datathon-2023.s3.eu-central-1.amazonaws.com/images/artist_pictures/Thomas+Couture.jpg,http://upload.wikimedia.org/wikipedia/commons/thumb/7/7e/Thomas_Couture_Autoritratto.jpg/220px-Thomas_Couture_Autoritratto.jpg,"Thomas Couture, self-portrait"
583,https://kuleuven-datathon-2023.s3.eu-central-1.amazonaws.com/images/artist_pictures/Fra+Filippo+Lippi.jpg,http://upload.wikimedia.org/wikipedia/commons/thumb/3/3c/Lippi_z13.jpg/220px-Lippi_z13.jpg,Self-portrait of Fra' Filippo Lippi
584,https://kuleuven-datathon-2023.s3.eu-central-1.amazonaws.com/images/artist_pictures/Simone+Peterzano.jpg,http://upload.wikimedia.org/wikipedia/commons/thumb/7/7c/Peterzano_1589.jpg/120px-Peterzano_1589.jpg,Self portrait (1589)
587,https://kuleuven-datathon-2023.s3.eu-central-1.amazonaws.com/images/artist_pictures/Charles-Andr%C3%A9+van+Loo.jpg,http://upload.wikimedia.org/wikipedia/commons/thumb/b/be/Granet056_Carle_van_Loo_autoportrait.jpg/220px-Granet056_Carle_van_Loo_autoportrait.jpg,Self-portrait of Charles-André van Loo
590,https://kuleuven-datathon-2023.s3.eu-central-1.amazonaws.com/images/artist_pictures/Hubert-Francois+Gravelot.jpg,http://upload.wikimedia.org/wikipedia/commons/thumb/d/d5/Maurice_Quentin_de_La_Tour%2C_Hubert-Fran%C3%A7ois_Gravelot%2C_1769%2C_MBA_Bordeaux_RF_1943.47.JPG/220px-Maurice_Quentin_de_La_Tour%2C_Hubert-Fran%C3%A7ois_Gravelot%2C_1769%2C_MBA_Bordeaux_RF_1943.47.JPG,"Maurice Quentin de La Tour, Hubert-François Gravelot, 1769, pastel, Musée des Beaux-Arts, Bordeaux"
592,https://kuleuven-datathon-2023.s3.eu-central-1.amazonaws.com/images/artist_pictures/Claude+III+Audran.jpg,http://upload.wikimedia.org/wikipedia/commons/thumb/4/44/Audran%2C_Claude_II_-_The_Gods_%2CJupiter_-_1700s.jpg/220px-Audran%2C_Claude_II_-_The_Gods_%2CJupiter_-_1700s.jpg,"The Gods: JupiterClaude Audran IIItapestry, Gobelins Manufactory"
593,https://kuleuven-datathon-2023.s3.eu-central-1.amazonaws.com/images/artist_pictures/Sir+Thomas+Lawrence.jpg,http://upload.wikimedia.org/wikipedia/commons/thumb/2/24/Self-Portrait-1788%29_by_Sir_Thomas_Lawrence%2C_PRA.jpg/220px-Self-Portrait-1788%29_by_Sir_Thomas_Lawrence%2C_PRA.jpg,"Self-portrait, 1788"
596,https://kuleuven-datathon-2023.s3.eu-central-1.amazonaws.com/images/artist_pictures/Andrea+del+Verrocchio.jpg,http://upload.wikimedia.org/wikipedia/commons/thumb/a/aa/Andrea_del_Castagno%2C_portrait_de_Verrocchio%2C_vers_1470.jpg/220px-Andrea_del_Castagno%2C_portrait_de_Verrocchio%2C_vers_1470.jpg,Portrait of Verrocchio by Nicolas de Larmessin
598,https://kuleuven-datathon-2023.s3.eu-central-1.amazonaws.com/images/artist_pictures/Carolus+Duran.jpg,http://upload.wikimedia.org/wikipedia/commons/thumb/4/4a/Portrait_of_Carolus-Duran.jpg/220px-Portrait_of_Carolus-Duran.jpg,Portrait of Carolus-Duran (1879)by John Singer Sargent.
601,https://kuleuven-datathon-2023.s3.eu-central-1.amazonaws.com/images/artist_pictures/L%C3%A9on+Cogniet.jpg,http://upload.wikimedia.org/wikipedia/commons/thumb/2/26/L%C3%A9on_Cogniet_self-portrait_1818.jpg/220px-L%C3%A9on_Cogniet_self-portrait_1818.jpg,"Léon Cogniet. Self-portrait ca. 1818, Musée des Beaux-Arts d'Orléans"
602,https://kuleuven-datathon-2023.s3.eu-central-1.amazonaws.com/images/artist_pictures/James+Baker+Pyne.jpg,http://upload.wikimedia.org/wikipedia/commons/thumb/f/fb/James_Baker_Pyne_-_Shipping_in_a_Calm.jpg/220px-James_Baker_Pyne_-_Shipping_in_a_Calm.jpg,"Shipping in a Calm, watercolour"
603,https://kuleuven-datathon-2023.s3.eu-central-1.amazonaws.com/images/artist_pictures/Jules+Joseph+Lefebvre.jpg,http://upload.wikimedia.org/wikipedia/commons/thumb/f/f9/Picture_of_Jules_Joseph_Lefebvre.jpg/220px-Picture_of_Jules_Joseph_Lefebvre.jpg,Jules Joseph Lefebvre (no later than 1903)
604,https://kuleuven-datathon-2023.s3.eu-central-1.amazonaws.com/images/artist_pictures/Gustave+Clarence+Rodolphe+Boulanger.jpg,http://upload.wikimedia.org/wikipedia/commons/thumb/9/97/Gustave_Boulnager_portrait_photo_c_1870_%28cropped%29.jpg/220px-Gustave_Boulnager_portrait_photo_c_1870_%28cropped%29.jpg,
605,https://kuleuven-datathon-2023.s3.eu-central-1.amazonaws.com/images/artist_pictures/Francois+de+Troy.jpg,http://upload.wikimedia.org/wikipedia/commons/thumb/a/ac/Fran%C3%A7ois_de_Troy_by_Alexis_Simon_Belle.jpg/220px-Fran%C3%A7ois_de_Troy_by_Alexis_Simon_Belle.jpg,François de Troy by his student Alexis Simon Belle
606,https://kuleuven-datathon-2023.s3.eu-central-1.amazonaws.com/images/artist_pictures/Gustave+Moreau.jpg,http://upload.wikimedia.org/wikipedia/commons/thumb/b/b6/GustaveMoreau02.jpg/220px-GustaveMoreau02.jpg,"Self-portrait of Gustave Moreau, 1850"
607,https://kuleuven-datathon-2023.s3.eu-central-1.amazonaws.com/images/artist_pictures/Cosme+Tura.jpg,http://upload.wikimedia.org/wikipedia/commons/thumb/d/d2/Tura_allegory.jpg/220px-Tura_allegory.jpg,"An Allegorical Figure (Calliope), c. 1460"
609,https://kuleuven-datathon-2023.s3.eu-central-1.amazonaws.com/images/artist_pictures/Antonello+da+Messina+Messina.jpg,http://upload.wikimedia.org/wikipedia/commons/thumb/e/ed/Antonello_da_Messina_-_Portrait_of_a_Man_-_National_Gallery_London.jpg/220px-Antonello_da_Messina_-_Portrait_of_a_Man_-_National_Gallery_London.jpg,"Portrait of Man, possibly a self-portrait"
610,https://kuleuven-datathon-2023.s3.eu-central-1.amazonaws.com/images/artist_pictures/Cosimo+Rosselli.jpg,http://upload.wikimedia.org/wikipedia/commons/thumb/5/53/Cosimo-rosselli.jpg/220px-Cosimo-rosselli.jpg,"Portrait of a Man c. 1481–82, thought to be of Cosimo Roselli"
611,https://kuleuven-datathon-2023.s3.eu-central-1.amazonaws.com/images/artist_pictures/Carlo+Cignani.jpg,http://upload.wikimedia.org/wikipedia/commons/thumb/b/b2/Carlo_Cignani_-_Auto-retrato.jpg/220px-Carlo_Cignani_-_Auto-retrato.jpg,Self-portrait
615,https://kuleuven-datathon-2023.s3.eu-central-1.amazonaws.com/images/artist_pictures/Otto+van+Veen.jpg,http://upload.wikimedia.org/wikipedia/commons/thumb/2/24/Gertruida_van_Veen_-_Portrait_of_the_painter_Otto_van_Veen.jpg/220px-Gertruida_van_Veen_-_Portrait_of_the_painter_Otto_van_Veen.jpg,"Otto van Veen, by Gertruida van Veen"
